"yield_curve_code";"proj_time";"month";"nominal_rate";"inflation";"basis"
"YC202112";1;12;0.06690405;0.05634064;"IFRS"
"YC202112";2;12;0.06690405;0.05634064;"IFRS"
"YC202112";3;12;0.06690405;0.05634064;"IFRS"
"YC202112";4;12;0.07708676;0.06642253;"IFRS"
"YC202112";5;12;0.07708676;0.06642253;"IFRS"
"YC202112";6;12;0.07708676;0.06642253;"IFRS"
"YC202112";7;12;0.07719017;0.06652492;"IFRS"
"YC202112";8;12;0.07719017;0.06652492;"IFRS"
"YC202112";9;12;0.07719017;0.06652492;"IFRS"
"YC202112";10;12;0.07810391;0.06742962;"IFRS"
"YC202112";11;12;0.07810391;0.06742962;"IFRS"
"YC202112";12;12;0.07810391;0.06742962;"IFRS"
"YC202112";13;12;0.07628747;0.06563116;"IFRS"
"YC202112";14;12;0.07628747;0.06563116;"IFRS"
"YC202112";15;12;0.07628747;0.06563116;"IFRS"
"YC202112";16;12;0.07466655;0.06402628;"IFRS"
"YC202112";17;12;0.07466655;0.06402628;"IFRS"
"YC202112";18;12;0.07466655;0.06402628;"IFRS"
"YC202112";19;12;0.07360816;0.06297838;"IFRS"
"YC202112";20;12;0.07360816;0.06297838;"IFRS"
"YC202112";21;12;0.07360816;0.06297838;"IFRS"
"YC202112";22;12;0.07281475;0.06219282;"IFRS"
"YC202112";23;12;0.07281475;0.06219282;"IFRS"
"YC202112";24;12;0.07281475;0.06219282;"IFRS"
"YC202112";25;12;0.07273171;0.06211061;"IFRS"
"YC202112";26;12;0.07273171;0.06211061;"IFRS"
"YC202112";27;12;0.07273171;0.06211061;"IFRS"
"YC202112";28;12;0.07298664;0.06236301;"IFRS"
"YC202112";29;12;0.07298664;0.06236301;"IFRS"
"YC202112";30;12;0.07298664;0.06236301;"IFRS"
"YC202112";31;12;0.07363046;0.06300046;"IFRS"
"YC202112";32;12;0.07363046;0.06300046;"IFRS"
"YC202112";33;12;0.07363046;0.06300046;"IFRS"
"YC202112";34;12;0.07422583;0.06358993;"IFRS"
"YC202112";35;12;0.07422583;0.06358993;"IFRS"
"YC202112";36;12;0.07422583;0.06358993;"IFRS"
"YC202112";37;12;0.07492878;0.06428593;"IFRS"
"YC202112";38;12;0.07492878;0.06428593;"IFRS"
"YC202112";39;12;0.07492878;0.06428593;"IFRS"
"YC202112";40;12;0.07542827;0.06478047;"IFRS"
"YC202112";41;12;0.07542827;0.06478047;"IFRS"
"YC202112";42;12;0.07542827;0.06478047;"IFRS"
"YC202112";43;12;0.07595094;0.06529796;"IFRS"
"YC202112";44;12;0.07595094;0.06529796;"IFRS"
"YC202112";45;12;0.07595094;0.06529796;"IFRS"
"YC202112";46;12;0.07634541;0.06568853;"IFRS"
"YC202112";47;12;0.07634541;0.06568853;"IFRS"
"YC202112";48;12;0.07634541;0.06568853;"IFRS"
"YC202112";49;12;0.07681657;0.06615502;"IFRS"
"YC202112";50;12;0.07681657;0.06615502;"IFRS"
"YC202112";51;12;0.07681657;0.06615502;"IFRS"
"YC202112";52;12;0.07719689;0.06653158;"IFRS"
"YC202112";53;12;0.07719689;0.06653158;"IFRS"
"YC202112";54;12;0.07719689;0.06653158;"IFRS"
"YC202112";55;12;0.07766357;0.06699363;"IFRS"
"YC202112";56;12;0.07766357;0.06699363;"IFRS"
"YC202112";57;12;0.07766357;0.06699363;"IFRS"
"YC202112";58;12;0.07806459;0.06739069;"IFRS"
"YC202112";59;12;0.07806459;0.06739069;"IFRS"
"YC202112";60;12;0.07806459;0.06739069;"IFRS"
"YC202112";61;12;0.07855725;0.06787847;"IFRS"
"YC202112";62;12;0.07855725;0.06787847;"IFRS"
"YC202112";63;12;0.07855725;0.06787847;"IFRS"
"YC202112";64;12;0.07899783;0.06831468;"IFRS"
"YC202112";65;12;0.07899783;0.06831468;"IFRS"
"YC202112";66;12;0.07899783;0.06831468;"IFRS"
"YC202112";67;12;0.07951694;0.06882865;"IFRS"
"YC202112";68;12;0.07951694;0.06882865;"IFRS"
"YC202112";69;12;0.07951694;0.06882865;"IFRS"
"YC202112";70;12;0.0799752;0.06928237;"IFRS"
"YC202112";71;12;0.0799752;0.06928237;"IFRS"
"YC202112";72;12;0.0799752;0.06928237;"IFRS"
"YC202112";73;12;0.08050038;0.06980235;"IFRS"
"YC202112";74;12;0.08050038;0.06980235;"IFRS"
"YC202112";75;12;0.08050038;0.06980235;"IFRS"
"YC202112";76;12;0.08096451;0.07026189;"IFRS"
"YC202112";77;12;0.08096451;0.07026189;"IFRS"
"YC202112";78;12;0.08096451;0.07026189;"IFRS"
"YC202112";79;12;0.08148918;0.07078137;"IFRS"
"YC202112";80;12;0.08148918;0.07078137;"IFRS"
"YC202112";81;12;0.08148918;0.07078137;"IFRS"
"YC202112";82;12;0.08195276;0.07124035;"IFRS"
"YC202112";83;12;0.08195276;0.07124035;"IFRS"
"YC202112";84;12;0.08195276;0.07124035;"IFRS"
"YC202112";85;12;0.08246884;0.07175133;"IFRS"
"YC202112";86;12;0.08246884;0.07175133;"IFRS"
"YC202112";87;12;0.08246884;0.07175133;"IFRS"
"YC202112";88;12;0.08292739;0.07220533;"IFRS"
"YC202112";89;12;0.08292739;0.07220533;"IFRS"
"YC202112";90;12;0.08292739;0.07220533;"IFRS"
"YC202112";91;12;0.08343323;0.07270617;"IFRS"
"YC202112";92;12;0.08343323;0.07270617;"IFRS"
"YC202112";93;12;0.08343323;0.07270617;"IFRS"
"YC202112";94;12;0.0838834;0.07315188;"IFRS"
"YC202112";95;12;0.0838834;0.07315188;"IFRS"
"YC202112";96;12;0.0838834;0.07315188;"IFRS"
"YC202112";97;12;0.08437647;0.07364007;"IFRS"
"YC202112";98;12;0.08437647;0.07364007;"IFRS"
"YC202112";99;12;0.08437647;0.07364007;"IFRS"
"YC202112";100;12;0.08481585;0.0740751;"IFRS"
"YC202112";101;12;0.08481585;0.0740751;"IFRS"
"YC202112";102;12;0.08481585;0.0740751;"IFRS"
"YC202112";103;12;0.08529434;0.07454885;"IFRS"
"YC202112";104;12;0.08529434;0.07454885;"IFRS"
"YC202112";105;12;0.08529434;0.07454885;"IFRS"
"YC202112";106;12;0.08572105;0.07497134;"IFRS"
"YC202112";107;12;0.08572105;0.07497134;"IFRS"
"YC202112";108;12;0.08572105;0.07497134;"IFRS"
"YC202112";109;12;0.08618471;0.07543041;"IFRS"
"YC202112";110;12;0.08618471;0.07543041;"IFRS"
"YC202112";111;12;0.08618471;0.07543041;"IFRS"
"YC202112";112;12;0.08663529;0.07587653;"IFRS"
"YC202112";113;12;0.08663529;0.07587653;"IFRS"
"YC202112";114;12;0.08663529;0.07587653;"IFRS"
"YC202112";115;12;0.08716665;0.07640262;"IFRS"
"YC202112";116;12;0.08716665;0.07640262;"IFRS"
"YC202112";117;12;0.08716665;0.07640262;"IFRS"
"YC202112";118;12;0.08767532;0.07690625;"IFRS"
"YC202112";119;12;0.08767532;0.07690625;"IFRS"
"YC202112";120;12;0.08767532;0.07690625;"IFRS"
"YC202112";121;12;0.08822738;0.07745285;"IFRS"
"YC202112";122;12;0.08822738;0.07745285;"IFRS"
"YC202112";123;12;0.08822738;0.07745285;"IFRS"
"YC202112";124;12;0.08872656;0.07794709;"IFRS"
"YC202112";125;12;0.08872656;0.07794709;"IFRS"
"YC202112";126;12;0.08872656;0.07794709;"IFRS"
"YC202112";127;12;0.08923999;0.07845543;"IFRS"
"YC202112";128;12;0.08923999;0.07845543;"IFRS"
"YC202112";129;12;0.08923999;0.07845543;"IFRS"
"YC202112";130;12;0.08968037;0.07889145;"IFRS"
"YC202112";131;12;0.08968037;0.07889145;"IFRS"
"YC202112";132;12;0.08968037;0.07889145;"IFRS"
"YC202112";133;12;0.09011233;0.07931914;"IFRS"
"YC202112";134;12;0.09011233;0.07931914;"IFRS"
"YC202112";135;12;0.09011233;0.07931914;"IFRS"
"YC202112";136;12;0.09045837;0.07966175;"IFRS"
"YC202112";137;12;0.09045837;0.07966175;"IFRS"
"YC202112";138;12;0.09045837;0.07966175;"IFRS"
"YC202112";139;12;0.0907779;0.07997812;"IFRS"
"YC202112";140;12;0.0907779;0.07997812;"IFRS"
"YC202112";141;12;0.0907779;0.07997812;"IFRS"
"YC202112";142;12;0.09100417;0.08020215;"IFRS"
"YC202112";143;12;0.09100417;0.08020215;"IFRS"
"YC202112";144;12;0.09100417;0.08020215;"IFRS"
"YC202112";145;12;0.0911902;0.08038633;"IFRS"
"YC202112";146;12;0.0911902;0.08038633;"IFRS"
"YC202112";147;12;0.0911902;0.08038633;"IFRS"
"YC202112";148;12;0.09127929;0.08047454;"IFRS"
"YC202112";149;12;0.09127929;0.08047454;"IFRS"
"YC202112";150;12;0.09127929;0.08047454;"IFRS"
"YC202112";151;12;0.09133818;0.08053285;"IFRS"
"YC202112";152;12;0.09133818;0.08053285;"IFRS"
"YC202112";153;12;0.09133818;0.08053285;"IFRS"
"YC202112";154;12;0.09135363;0.08054815;"IFRS"
"YC202112";155;12;0.09135363;0.08054815;"IFRS"
"YC202112";156;12;0.09135363;0.08054815;"IFRS"
"YC202112";157;12;0.09139584;0.08058994;"IFRS"
"YC202112";158;12;0.09139584;0.08058994;"IFRS"
"YC202112";159;12;0.09139584;0.08058994;"IFRS"
"YC202112";160;12;0.09144109;0.08063475;"IFRS"
"YC202112";161;12;0.09144109;0.08063475;"IFRS"
"YC202112";162;12;0.09144109;0.08063475;"IFRS"
"YC202112";163;12;0.09145186;0.0806454;"IFRS"
"YC202112";164;12;0.09145186;0.0806454;"IFRS"
"YC202112";165;12;0.09145186;0.0806454;"IFRS"
"YC202112";166;12;0.09138143;0.08057567;"IFRS"
"YC202112";167;12;0.09138143;0.08057567;"IFRS"
"YC202112";168;12;0.09138143;0.08057567;"IFRS"
"YC202112";169;12;0.09128064;0.08047589;"IFRS"
"YC202112";170;12;0.09128064;0.08047589;"IFRS"
"YC202112";171;12;0.09128064;0.08047589;"IFRS"
"YC202112";172;12;0.0911353;0.08033198;"IFRS"
"YC202112";173;12;0.0911353;0.08033198;"IFRS"
"YC202112";174;12;0.0911353;0.08033198;"IFRS"
"YC202112";175;12;0.09098784;0.08018598;"IFRS"
"YC202112";176;12;0.09098784;0.08018598;"IFRS"
"YC202112";177;12;0.09098784;0.08018598;"IFRS"
"YC202112";178;12;0.09082531;0.08002506;"IFRS"
"YC202112";179;12;0.09082531;0.08002506;"IFRS"
"YC202112";180;12;0.09082531;0.08002506;"IFRS"
"YC202112";181;12;0.09068537;0.0798865;"IFRS"
"YC202112";182;12;0.09068537;0.0798865;"IFRS"
"YC202112";183;12;0.09068537;0.0798865;"IFRS"
"YC202112";184;12;0.0905546;0.07975703;"IFRS"
"YC202112";185;12;0.0905546;0.07975703;"IFRS"
"YC202112";186;12;0.0905546;0.07975703;"IFRS"
"YC202112";187;12;0.09046825;0.07967153;"IFRS"
"YC202112";188;12;0.09046825;0.07967153;"IFRS"
"YC202112";189;12;0.09046825;0.07967153;"IFRS"
"YC202112";190;12;0.09041069;0.07961454;"IFRS"
"YC202112";191;12;0.09041069;0.07961454;"IFRS"
"YC202112";192;12;0.09041069;0.07961454;"IFRS"
"YC202112";193;12;0.09041682;0.07962062;"IFRS"
"YC202112";194;12;0.09041682;0.07962062;"IFRS"
"YC202112";195;12;0.09041682;0.07962062;"IFRS"
"YC202112";196;12;0.09046626;0.07966956;"IFRS"
"YC202112";197;12;0.09046626;0.07966956;"IFRS"
"YC202112";198;12;0.09046626;0.07966956;"IFRS"
"YC202112";199;12;0.09059477;0.0797968;"IFRS"
"YC202112";200;12;0.09059477;0.0797968;"IFRS"
"YC202112";201;12;0.09059477;0.0797968;"IFRS"
"YC202112";202;12;0.09077614;0.07997637;"IFRS"
"YC202112";203;12;0.09077614;0.07997637;"IFRS"
"YC202112";204;12;0.09077614;0.07997637;"IFRS"
"YC202112";205;12;0.09104781;0.08024536;"IFRS"
"YC202112";206;12;0.09104781;0.08024536;"IFRS"
"YC202112";207;12;0.09104781;0.08024536;"IFRS"
"YC202112";208;12;0.09137563;0.08056993;"IFRS"
"YC202112";209;12;0.09137563;0.08056993;"IFRS"
"YC202112";210;12;0.09137563;0.08056993;"IFRS"
"YC202112";211;12;0.09179893;0.08098904;"IFRS"
"YC202112";212;12;0.09179893;0.08098904;"IFRS"
"YC202112";213;12;0.09179893;0.08098904;"IFRS"
"YC202112";214;12;0.09227568;0.08146107;"IFRS"
"YC202112";215;12;0.09227568;0.08146107;"IFRS"
"YC202112";216;12;0.09227568;0.08146107;"IFRS"
"YC202112";217;12;0.09284779;0.08202751;"IFRS"
"YC202112";218;12;0.09284779;0.08202751;"IFRS"
"YC202112";219;12;0.09284779;0.08202751;"IFRS"
"YC202112";220;12;0.09346298;0.08263662;"IFRS"
"YC202112";221;12;0.09346298;0.08263662;"IFRS"
"YC202112";222;12;0.09346298;0.08263662;"IFRS"
"YC202112";223;12;0.09417355;0.08334015;"IFRS"
"YC202112";224;12;0.09417355;0.08334015;"IFRS"
"YC202112";225;12;0.09417355;0.08334015;"IFRS"
"YC202112";226;12;0.09487298;0.08403265;"IFRS"
"YC202112";227;12;0.09487298;0.08403265;"IFRS"
"YC202112";228;12;0.09487298;0.08403265;"IFRS"
"YC202112";229;12;0.09553129;0.08468445;"IFRS"
"YC202112";230;12;0.09553129;0.08468445;"IFRS"
"YC202112";231;12;0.09553129;0.08468445;"IFRS"
"YC202112";232;12;0.09605172;0.08519973;"IFRS"
"YC202112";233;12;0.09605172;0.08519973;"IFRS"
"YC202112";234;12;0.09605172;0.08519973;"IFRS"
"YC202112";235;12;0.09649858;0.08564216;"IFRS"
"YC202112";236;12;0.09649858;0.08564216;"IFRS"
"YC202112";237;12;0.09649858;0.08564216;"IFRS"
"YC202112";238;12;0.09685211;0.08599219;"IFRS"
"YC202112";239;12;0.09685211;0.08599219;"IFRS"
"YC202112";240;12;0.09685211;0.08599219;"IFRS"
"YC202112";241;12;0.09715516;0.08629224;"IFRS"
"YC202112";242;12;0.09715516;0.08629224;"IFRS"
"YC202112";243;12;0.09715516;0.08629224;"IFRS"
"YC202112";244;12;0.09738853;0.0865233;"IFRS"
"YC202112";245;12;0.09738853;0.0865233;"IFRS"
"YC202112";246;12;0.09738853;0.0865233;"IFRS"
"YC202112";247;12;0.0975851;0.08671792;"IFRS"
"YC202112";248;12;0.0975851;0.08671792;"IFRS"
"YC202112";249;12;0.0975851;0.08671792;"IFRS"
"YC202112";250;12;0.09772936;0.08686076;"IFRS"
"YC202112";251;12;0.09772936;0.08686076;"IFRS"
"YC202112";252;12;0.09772936;0.08686076;"IFRS"
"YC202112";253;12;0.09784674;0.08697697;"IFRS"
"YC202112";254;12;0.09784674;0.08697697;"IFRS"
"YC202112";255;12;0.09784674;0.08697697;"IFRS"
"YC202112";256;12;0.09792452;0.08705398;"IFRS"
"YC202112";257;12;0.09792452;0.08705398;"IFRS"
"YC202112";258;12;0.09792452;0.08705398;"IFRS"
"YC202112";259;12;0.09798265;0.08711153;"IFRS"
"YC202112";260;12;0.09798265;0.08711153;"IFRS"
"YC202112";261;12;0.09798265;0.08711153;"IFRS"
"YC202112";262;12;0.09801095;0.08713955;"IFRS"
"YC202112";263;12;0.09801095;0.08713955;"IFRS"
"YC202112";264;12;0.09801095;0.08713955;"IFRS"
"YC202112";265;12;0.09802534;0.0871538;"IFRS"
"YC202112";266;12;0.09802534;0.0871538;"IFRS"
"YC202112";267;12;0.09802534;0.0871538;"IFRS"
"YC202112";268;12;0.09801741;0.08714595;"IFRS"
"YC202112";269;12;0.09801741;0.08714595;"IFRS"
"YC202112";270;12;0.09801741;0.08714595;"IFRS"
"YC202112";271;12;0.09800014;0.08712886;"IFRS"
"YC202112";272;12;0.09800014;0.08712886;"IFRS"
"YC202112";273;12;0.09800014;0.08712886;"IFRS"
"YC202112";274;12;0.09796667;0.08709572;"IFRS"
"YC202112";275;12;0.09796667;0.08709572;"IFRS"
"YC202112";276;12;0.09796667;0.08709572;"IFRS"
"YC202112";277;12;0.09792779;0.08705722;"IFRS"
"YC202112";278;12;0.09792779;0.08705722;"IFRS"
"YC202112";279;12;0.09792779;0.08705722;"IFRS"
"YC202112";280;12;0.09787768;0.0870076;"IFRS"
"YC202112";281;12;0.09787768;0.0870076;"IFRS"
"YC202112";282;12;0.09787768;0.0870076;"IFRS"
"YC202112";283;12;0.09782553;0.08695597;"IFRS"
"YC202112";284;12;0.09782553;0.08695597;"IFRS"
"YC202112";285;12;0.09782553;0.08695597;"IFRS"
"YC202112";286;12;0.0977665;0.08689752;"IFRS"
"YC202112";287;12;0.0977665;0.08689752;"IFRS"
"YC202112";288;12;0.0977665;0.08689752;"IFRS"
"YC202112";289;12;0.09770867;0.08684026;"IFRS"
"YC202112";290;12;0.09770867;0.08684026;"IFRS"
"YC202112";291;12;0.09770867;0.08684026;"IFRS"
"YC202112";292;12;0.0976476;0.0867798;"IFRS"
"YC202112";293;12;0.0976476;0.0867798;"IFRS"
"YC202112";294;12;0.0976476;0.0867798;"IFRS"
"YC202112";295;12;0.09759078;0.08672354;"IFRS"
"YC202112";296;12;0.09759078;0.08672354;"IFRS"
"YC202112";297;12;0.09759078;0.08672354;"IFRS"
"YC202112";298;12;0.09753388;0.08666721;"IFRS"
"YC202112";299;12;0.09753388;0.08666721;"IFRS"
"YC202112";300;12;0.09753388;0.08666721;"IFRS"
"YC202112";301;12;0.09748414;0.08661796;"IFRS"
"YC202112";302;12;0.09748414;0.08661796;"IFRS"
"YC202112";303;12;0.09748414;0.08661796;"IFRS"
"YC202112";304;12;0.09743705;0.08657134;"IFRS"
"YC202112";305;12;0.09743705;0.08657134;"IFRS"
"YC202112";306;12;0.09743705;0.08657134;"IFRS"
"YC202112";307;12;0.09739985;0.08653451;"IFRS"
"YC202112";308;12;0.09739985;0.08653451;"IFRS"
"YC202112";309;12;0.09739985;0.08653451;"IFRS"
"YC202112";310;12;0.09736757;0.08650254;"IFRS"
"YC202112";311;12;0.09736757;0.08650254;"IFRS"
"YC202112";312;12;0.09736757;0.08650254;"IFRS"
"YC202112";313;12;0.09734768;0.08648285;"IFRS"
"YC202112";314;12;0.09734768;0.08648285;"IFRS"
"YC202112";315;12;0.09734768;0.08648285;"IFRS"
"YC202112";316;12;0.0973317;0.08646703;"IFRS"
"YC202112";317;12;0.0973317;0.08646703;"IFRS"
"YC202112";318;12;0.0973317;0.08646703;"IFRS"
"YC202112";319;12;0.09731599;0.08645148;"IFRS"
"YC202112";320;12;0.09731599;0.08645148;"IFRS"
"YC202112";321;12;0.09731599;0.08645148;"IFRS"
"YC202112";322;12;0.09729347;0.08642917;"IFRS"
"YC202112";323;12;0.09729347;0.08642917;"IFRS"
"YC202112";324;12;0.09729347;0.08642917;"IFRS"
"YC202112";325;12;0.09727089;0.08640682;"IFRS"
"YC202112";326;12;0.09727089;0.08640682;"IFRS"
"YC202112";327;12;0.09727089;0.08640682;"IFRS"
"YC202112";328;12;0.09724296;0.08637916;"IFRS"
"YC202112";329;12;0.09724296;0.08637916;"IFRS"
"YC202112";330;12;0.09724296;0.08637916;"IFRS"
"YC202112";331;12;0.09721573;0.08635221;"IFRS"
"YC202112";332;12;0.09721573;0.08635221;"IFRS"
"YC202112";333;12;0.09721573;0.08635221;"IFRS"
"YC202112";334;12;0.09718442;0.08632121;"IFRS"
"YC202112";335;12;0.09718442;0.08632121;"IFRS"
"YC202112";336;12;0.09718442;0.08632121;"IFRS"
"YC202112";337;12;0.09715457;0.08629165;"IFRS"
"YC202112";338;12;0.09715457;0.08629165;"IFRS"
"YC202112";339;12;0.09715457;0.08629165;"IFRS"
"YC202112";340;12;0.09712167;0.08625908;"IFRS"
"YC202112";341;12;0.09712167;0.08625908;"IFRS"
"YC202112";342;12;0.09712167;0.08625908;"IFRS"
"YC202112";343;12;0.09709089;0.08622861;"IFRS"
"YC202112";344;12;0.09709089;0.08622861;"IFRS"
"YC202112";345;12;0.09709089;0.08622861;"IFRS"
"YC202112";346;12;0.09705803;0.08619607;"IFRS"
"YC202112";347;12;0.09705803;0.08619607;"IFRS"
"YC202112";348;12;0.09705803;0.08619607;"IFRS"
"YC202112";349;12;0.09702799;0.08616633;"IFRS"
"YC202112";350;12;0.09702799;0.08616633;"IFRS"
"YC202112";351;12;0.09702799;0.08616633;"IFRS"
"YC202112";352;12;0.09699661;0.08613525;"IFRS"
"YC202112";353;12;0.09699661;0.08613525;"IFRS"
"YC202112";354;12;0.09699661;0.08613525;"IFRS"
"YC202112";355;12;0.09696857;0.08610749;"IFRS"
"YC202112";356;12;0.09696857;0.08610749;"IFRS"
"YC202112";357;12;0.09696857;0.08610749;"IFRS"
"YC202112";358;12;0.09693997;0.08607918;"IFRS"
"YC202112";359;12;0.09693997;0.08607918;"IFRS"
"YC202112";360;12;0.09693997;0.08607918;"IFRS"
"YC202112";361;12;0.09691521;0.08605467;"IFRS"
"YC202112";362;12;0.09691521;0.08605467;"IFRS"
"YC202112";363;12;0.09691521;0.08605467;"IFRS"
"YC202112";364;12;0.09691521;0.08605467;"IFRS"
"YC202112";365;12;0.09691521;0.08605467;"IFRS"
"YC202112";366;12;0.09691521;0.08605467;"IFRS"
"YC202112";367;12;0.09691521;0.08605467;"IFRS"
"YC202112";368;12;0.09691521;0.08605467;"IFRS"
"YC202112";369;12;0.09691521;0.08605467;"IFRS"
"YC202112";370;12;0.09691521;0.08605467;"IFRS"
"YC202112";371;12;0.09691521;0.08605467;"IFRS"
"YC202112";372;12;0.09691521;0.08605467;"IFRS"
"YC202112";373;12;0.09691521;0.08605467;"IFRS"
"YC202112";374;12;0.09691521;0.08605467;"IFRS"
"YC202112";375;12;0.09691521;0.08605467;"IFRS"
"YC202112";376;12;0.09691521;0.08605467;"IFRS"
"YC202112";377;12;0.09691521;0.08605467;"IFRS"
"YC202112";378;12;0.09691521;0.08605467;"IFRS"
"YC202112";379;12;0.09691521;0.08605467;"IFRS"
"YC202112";380;12;0.09691521;0.08605467;"IFRS"
"YC202112";381;12;0.09691521;0.08605467;"IFRS"
"YC202112";382;12;0.09691521;0.08605467;"IFRS"
"YC202112";383;12;0.09691521;0.08605467;"IFRS"
"YC202112";384;12;0.09691521;0.08605467;"IFRS"
"YC202112";385;12;0.09691521;0.08605467;"IFRS"
"YC202112";386;12;0.09691521;0.08605467;"IFRS"
"YC202112";387;12;0.09691521;0.08605467;"IFRS"
"YC202112";388;12;0.09691521;0.08605467;"IFRS"
"YC202112";389;12;0.09691521;0.08605467;"IFRS"
"YC202112";390;12;0.09691521;0.08605467;"IFRS"
"YC202112";391;12;0.09691521;0.08605467;"IFRS"
"YC202112";392;12;0.09691521;0.08605467;"IFRS"
"YC202112";393;12;0.09691521;0.08605467;"IFRS"
"YC202112";394;12;0.09691521;0.08605467;"IFRS"
"YC202112";395;12;0.09691521;0.08605467;"IFRS"
"YC202112";396;12;0.09691521;0.08605467;"IFRS"
"YC202112";397;12;0.09691521;0.08605467;"IFRS"
"YC202112";398;12;0.09691521;0.08605467;"IFRS"
"YC202112";399;12;0.09691521;0.08605467;"IFRS"
"YC202112";400;12;0.09691521;0.08605467;"IFRS"
"YC202112";401;12;0.09691521;0.08605467;"IFRS"
"YC202112";402;12;0.09691521;0.08605467;"IFRS"
"YC202112";403;12;0.09691521;0.08605467;"IFRS"
"YC202112";404;12;0.09691521;0.08605467;"IFRS"
"YC202112";405;12;0.09691521;0.08605467;"IFRS"
"YC202112";406;12;0.09691521;0.08605467;"IFRS"
"YC202112";407;12;0.09691521;0.08605467;"IFRS"
"YC202112";408;12;0.09691521;0.08605467;"IFRS"
"YC202112";409;12;0.09691521;0.08605467;"IFRS"
"YC202112";410;12;0.09691521;0.08605467;"IFRS"
"YC202112";411;12;0.09691521;0.08605467;"IFRS"
"YC202112";412;12;0.09691521;0.08605467;"IFRS"
"YC202112";413;12;0.09691521;0.08605467;"IFRS"
"YC202112";414;12;0.09691521;0.08605467;"IFRS"
"YC202112";415;12;0.09691521;0.08605467;"IFRS"
"YC202112";416;12;0.09691521;0.08605467;"IFRS"
"YC202112";417;12;0.09691521;0.08605467;"IFRS"
"YC202112";418;12;0.09691521;0.08605467;"IFRS"
"YC202112";419;12;0.09691521;0.08605467;"IFRS"
"YC202112";420;12;0.09691521;0.08605467;"IFRS"
"YC202112";421;12;0.09691521;0.08605467;"IFRS"
"YC202112";422;12;0.09691521;0.08605467;"IFRS"
"YC202112";423;12;0.09691521;0.08605467;"IFRS"
"YC202112";424;12;0.09691521;0.08605467;"IFRS"
"YC202112";425;12;0.09691521;0.08605467;"IFRS"
"YC202112";426;12;0.09691521;0.08605467;"IFRS"
"YC202112";427;12;0.09691521;0.08605467;"IFRS"
"YC202112";428;12;0.09691521;0.08605467;"IFRS"
"YC202112";429;12;0.09691521;0.08605467;"IFRS"
"YC202112";430;12;0.09691521;0.08605467;"IFRS"
"YC202112";431;12;0.09691521;0.08605467;"IFRS"
"YC202112";432;12;0.09691521;0.08605467;"IFRS"
"YC202112";433;12;0.09691521;0.08605467;"IFRS"
"YC202112";434;12;0.09691521;0.08605467;"IFRS"
"YC202112";435;12;0.09691521;0.08605467;"IFRS"
"YC202112";436;12;0.09691521;0.08605467;"IFRS"
"YC202112";437;12;0.09691521;0.08605467;"IFRS"
"YC202112";438;12;0.09691521;0.08605467;"IFRS"
"YC202112";439;12;0.09691521;0.08605467;"IFRS"
"YC202112";440;12;0.09691521;0.08605467;"IFRS"
"YC202112";441;12;0.09691521;0.08605467;"IFRS"
"YC202112";442;12;0.09691521;0.08605467;"IFRS"
"YC202112";443;12;0.09691521;0.08605467;"IFRS"
"YC202112";444;12;0.09691521;0.08605467;"IFRS"
"YC202112";445;12;0.09691521;0.08605467;"IFRS"
"YC202112";446;12;0.09691521;0.08605467;"IFRS"
"YC202112";447;12;0.09691521;0.08605467;"IFRS"
"YC202112";448;12;0.09691521;0.08605467;"IFRS"
"YC202112";449;12;0.09691521;0.08605467;"IFRS"
"YC202112";450;12;0.09691521;0.08605467;"IFRS"
"YC202112";451;12;0.09691521;0.08605467;"IFRS"
"YC202112";452;12;0.09691521;0.08605467;"IFRS"
"YC202112";453;12;0.09691521;0.08605467;"IFRS"
"YC202112";454;12;0.09691521;0.08605467;"IFRS"
"YC202112";455;12;0.09691521;0.08605467;"IFRS"
"YC202112";456;12;0.09691521;0.08605467;"IFRS"
"YC202112";457;12;0.09691521;0.08605467;"IFRS"
"YC202112";458;12;0.09691521;0.08605467;"IFRS"
"YC202112";459;12;0.09691521;0.08605467;"IFRS"
"YC202112";460;12;0.09691521;0.08605467;"IFRS"
"YC202112";461;12;0.09691521;0.08605467;"IFRS"
"YC202112";462;12;0.09691521;0.08605467;"IFRS"
"YC202112";463;12;0.09691521;0.08605467;"IFRS"
"YC202112";464;12;0.09691521;0.08605467;"IFRS"
"YC202112";465;12;0.09691521;0.08605467;"IFRS"
"YC202112";466;12;0.09691521;0.08605467;"IFRS"
"YC202112";467;12;0.09691521;0.08605467;"IFRS"
"YC202112";468;12;0.09691521;0.08605467;"IFRS"
"YC202112";469;12;0.09691521;0.08605467;"IFRS"
"YC202112";470;12;0.09691521;0.08605467;"IFRS"
"YC202112";471;12;0.09691521;0.08605467;"IFRS"
"YC202112";472;12;0.09691521;0.08605467;"IFRS"
"YC202112";473;12;0.09691521;0.08605467;"IFRS"
"YC202112";474;12;0.09691521;0.08605467;"IFRS"
"YC202112";475;12;0.09691521;0.08605467;"IFRS"
"YC202112";476;12;0.09691521;0.08605467;"IFRS"
"YC202112";477;12;0.09691521;0.08605467;"IFRS"
"YC202112";478;12;0.09691521;0.08605467;"IFRS"
"YC202112";479;12;0.09691521;0.08605467;"IFRS"
"YC202112";480;12;0.09691521;0.08605467;"IFRS"
"YC202112";481;12;0.09691521;0.08605467;"IFRS"
"YC202112";482;12;0.09691521;0.08605467;"IFRS"
"YC202112";483;12;0.09691521;0.08605467;"IFRS"
"YC202112";484;12;0.09691521;0.08605467;"IFRS"
"YC202112";485;12;0.09691521;0.08605467;"IFRS"
"YC202112";486;12;0.09691521;0.08605467;"IFRS"
"YC202112";487;12;0.09691521;0.08605467;"IFRS"
"YC202112";488;12;0.09691521;0.08605467;"IFRS"
"YC202112";489;12;0.09691521;0.08605467;"IFRS"
"YC202112";490;12;0.09691521;0.08605467;"IFRS"
"YC202112";491;12;0.09691521;0.08605467;"IFRS"
"YC202112";492;12;0.09691521;0.08605467;"IFRS"
"YC202112";493;12;0.09691521;0.08605467;"IFRS"
"YC202112";494;12;0.09691521;0.08605467;"IFRS"
"YC202112";495;12;0.09691521;0.08605467;"IFRS"
"YC202112";496;12;0.09691521;0.08605467;"IFRS"
"YC202112";497;12;0.09691521;0.08605467;"IFRS"
"YC202112";498;12;0.09691521;0.08605467;"IFRS"
"YC202112";499;12;0.09691521;0.08605467;"IFRS"
"YC202112";500;12;0.09691521;0.08605467;"IFRS"
"YC202112";501;12;0.09691521;0.08605467;"IFRS"
"YC202112";502;12;0.09691521;0.08605467;"IFRS"
"YC202112";503;12;0.09691521;0.08605467;"IFRS"
"YC202112";504;12;0.09691521;0.08605467;"IFRS"
"YC202112";505;12;0.09691521;0.08605467;"IFRS"
"YC202112";506;12;0.09691521;0.08605467;"IFRS"
"YC202112";507;12;0.09691521;0.08605467;"IFRS"
"YC202112";508;12;0.09691521;0.08605467;"IFRS"
"YC202112";509;12;0.09691521;0.08605467;"IFRS"
"YC202112";510;12;0.09691521;0.08605467;"IFRS"
"YC202112";511;12;0.09691521;0.08605467;"IFRS"
"YC202112";512;12;0.09691521;0.08605467;"IFRS"
"YC202112";513;12;0.09691521;0.08605467;"IFRS"
"YC202112";514;12;0.09691521;0.08605467;"IFRS"
"YC202112";515;12;0.09691521;0.08605467;"IFRS"
"YC202112";516;12;0.09691521;0.08605467;"IFRS"
"YC202112";517;12;0.09691521;0.08605467;"IFRS"
"YC202112";518;12;0.09691521;0.08605467;"IFRS"
"YC202112";519;12;0.09691521;0.08605467;"IFRS"
"YC202112";520;12;0.09691521;0.08605467;"IFRS"
"YC202112";521;12;0.09691521;0.08605467;"IFRS"
"YC202112";522;12;0.09691521;0.08605467;"IFRS"
"YC202112";523;12;0.09691521;0.08605467;"IFRS"
"YC202112";524;12;0.09691521;0.08605467;"IFRS"
"YC202112";525;12;0.09691521;0.08605467;"IFRS"
"YC202112";526;12;0.09691521;0.08605467;"IFRS"
"YC202112";527;12;0.09691521;0.08605467;"IFRS"
"YC202112";528;12;0.09691521;0.08605467;"IFRS"
"YC202112";529;12;0.09691521;0.08605467;"IFRS"
"YC202112";530;12;0.09691521;0.08605467;"IFRS"
"YC202112";531;12;0.09691521;0.08605467;"IFRS"
"YC202112";532;12;0.09691521;0.08605467;"IFRS"
"YC202112";533;12;0.09691521;0.08605467;"IFRS"
"YC202112";534;12;0.09691521;0.08605467;"IFRS"
"YC202112";535;12;0.09691521;0.08605467;"IFRS"
"YC202112";536;12;0.09691521;0.08605467;"IFRS"
"YC202112";537;12;0.09691521;0.08605467;"IFRS"
"YC202112";538;12;0.09691521;0.08605467;"IFRS"
"YC202112";539;12;0.09691521;0.08605467;"IFRS"
"YC202112";540;12;0.09691521;0.08605467;"IFRS"
"YC202112";541;12;0.09691521;0.08605467;"IFRS"
"YC202112";542;12;0.09691521;0.08605467;"IFRS"
"YC202112";543;12;0.09691521;0.08605467;"IFRS"
"YC202112";544;12;0.09691521;0.08605467;"IFRS"
"YC202112";545;12;0.09691521;0.08605467;"IFRS"
"YC202112";546;12;0.09691521;0.08605467;"IFRS"
"YC202112";547;12;0.09691521;0.08605467;"IFRS"
"YC202112";548;12;0.09691521;0.08605467;"IFRS"
"YC202112";549;12;0.09691521;0.08605467;"IFRS"
"YC202112";550;12;0.09691521;0.08605467;"IFRS"
"YC202112";551;12;0.09691521;0.08605467;"IFRS"
"YC202112";552;12;0.09691521;0.08605467;"IFRS"
"YC202112";553;12;0.09691521;0.08605467;"IFRS"
"YC202112";554;12;0.09691521;0.08605467;"IFRS"
"YC202112";555;12;0.09691521;0.08605467;"IFRS"
"YC202112";556;12;0.09691521;0.08605467;"IFRS"
"YC202112";557;12;0.09691521;0.08605467;"IFRS"
"YC202112";558;12;0.09691521;0.08605467;"IFRS"
"YC202112";559;12;0.09691521;0.08605467;"IFRS"
"YC202112";560;12;0.09691521;0.08605467;"IFRS"
"YC202112";561;12;0.09691521;0.08605467;"IFRS"
"YC202112";562;12;0.09691521;0.08605467;"IFRS"
"YC202112";563;12;0.09691521;0.08605467;"IFRS"
"YC202112";564;12;0.09691521;0.08605467;"IFRS"
"YC202112";565;12;0.09691521;0.08605467;"IFRS"
"YC202112";566;12;0.09691521;0.08605467;"IFRS"
"YC202112";567;12;0.09691521;0.08605467;"IFRS"
"YC202112";568;12;0.09691521;0.08605467;"IFRS"
"YC202112";569;12;0.09691521;0.08605467;"IFRS"
"YC202112";570;12;0.09691521;0.08605467;"IFRS"
"YC202112";571;12;0.09691521;0.08605467;"IFRS"
"YC202112";572;12;0.09691521;0.08605467;"IFRS"
"YC202112";573;12;0.09691521;0.08605467;"IFRS"
"YC202112";574;12;0.09691521;0.08605467;"IFRS"
"YC202112";575;12;0.09691521;0.08605467;"IFRS"
"YC202112";576;12;0.09691521;0.08605467;"IFRS"
"YC202112";577;12;0.09691521;0.08605467;"IFRS"
"YC202112";578;12;0.09691521;0.08605467;"IFRS"
"YC202112";579;12;0.09691521;0.08605467;"IFRS"
"YC202112";580;12;0.09691521;0.08605467;"IFRS"
"YC202112";581;12;0.09691521;0.08605467;"IFRS"
"YC202112";582;12;0.09691521;0.08605467;"IFRS"
"YC202112";583;12;0.09691521;0.08605467;"IFRS"
"YC202112";584;12;0.09691521;0.08605467;"IFRS"
"YC202112";585;12;0.09691521;0.08605467;"IFRS"
"YC202112";586;12;0.09691521;0.08605467;"IFRS"
"YC202112";587;12;0.09691521;0.08605467;"IFRS"
"YC202112";588;12;0.09691521;0.08605467;"IFRS"
"YC202112";589;12;0.09691521;0.08605467;"IFRS"
"YC202112";590;12;0.09691521;0.08605467;"IFRS"
"YC202112";591;12;0.09691521;0.08605467;"IFRS"
"YC202112";592;12;0.09691521;0.08605467;"IFRS"
"YC202112";593;12;0.09691521;0.08605467;"IFRS"
"YC202112";594;12;0.09691521;0.08605467;"IFRS"
"YC202112";595;12;0.09691521;0.08605467;"IFRS"
"YC202112";596;12;0.09691521;0.08605467;"IFRS"
"YC202112";597;12;0.09691521;0.08605467;"IFRS"
"YC202112";598;12;0.09691521;0.08605467;"IFRS"
"YC202112";599;12;0.09691521;0.08605467;"IFRS"
"YC202112";600;12;0.09691521;0.08605467;"IFRS"
"YC202112";601;12;0.09691521;0.08605467;"IFRS"
"YC202112";602;12;0.09691521;0.08605467;"IFRS"
"YC202112";603;12;0.09691521;0.08605467;"IFRS"
"YC202112";604;12;0.09691521;0.08605467;"IFRS"
"YC202112";605;12;0.09691521;0.08605467;"IFRS"
"YC202112";606;12;0.09691521;0.08605467;"IFRS"
"YC202112";607;12;0.09691521;0.08605467;"IFRS"
"YC202112";608;12;0.09691521;0.08605467;"IFRS"
"YC202112";609;12;0.09691521;0.08605467;"IFRS"
"YC202112";610;12;0.09691521;0.08605467;"IFRS"
"YC202112";611;12;0.09691521;0.08605467;"IFRS"
"YC202112";612;12;0.09691521;0.08605467;"IFRS"
"YC202112";613;12;0.09691521;0.08605467;"IFRS"
"YC202112";614;12;0.09691521;0.08605467;"IFRS"
"YC202112";615;12;0.09691521;0.08605467;"IFRS"
"YC202112";616;12;0.09691521;0.08605467;"IFRS"
"YC202112";617;12;0.09691521;0.08605467;"IFRS"
"YC202112";618;12;0.09691521;0.08605467;"IFRS"
"YC202112";619;12;0.09691521;0.08605467;"IFRS"
"YC202112";620;12;0.09691521;0.08605467;"IFRS"
"YC202112";621;12;0.09691521;0.08605467;"IFRS"
"YC202112";622;12;0.09691521;0.08605467;"IFRS"
"YC202112";623;12;0.09691521;0.08605467;"IFRS"
"YC202112";624;12;0.09691521;0.08605467;"IFRS"
"YC202112";625;12;0.09691521;0.08605467;"IFRS"
"YC202112";626;12;0.09691521;0.08605467;"IFRS"
"YC202112";627;12;0.09691521;0.08605467;"IFRS"
"YC202112";628;12;0.09691521;0.08605467;"IFRS"
"YC202112";629;12;0.09691521;0.08605467;"IFRS"
"YC202112";630;12;0.09691521;0.08605467;"IFRS"
"YC202112";631;12;0.09691521;0.08605467;"IFRS"
"YC202112";632;12;0.09691521;0.08605467;"IFRS"
"YC202112";633;12;0.09691521;0.08605467;"IFRS"
"YC202112";634;12;0.09691521;0.08605467;"IFRS"
"YC202112";635;12;0.09691521;0.08605467;"IFRS"
"YC202112";636;12;0.09691521;0.08605467;"IFRS"
"YC202112";637;12;0.09691521;0.08605467;"IFRS"
"YC202112";638;12;0.09691521;0.08605467;"IFRS"
"YC202112";639;12;0.09691521;0.08605467;"IFRS"
"YC202112";640;12;0.09691521;0.08605467;"IFRS"
"YC202112";641;12;0.09691521;0.08605467;"IFRS"
"YC202112";642;12;0.09691521;0.08605467;"IFRS"
"YC202112";643;12;0.09691521;0.08605467;"IFRS"
"YC202112";644;12;0.09691521;0.08605467;"IFRS"
"YC202112";645;12;0.09691521;0.08605467;"IFRS"
"YC202112";646;12;0.09691521;0.08605467;"IFRS"
"YC202112";647;12;0.09691521;0.08605467;"IFRS"
"YC202112";648;12;0.09691521;0.08605467;"IFRS"
"YC202112";649;12;0.09691521;0.08605467;"IFRS"
"YC202112";650;12;0.09691521;0.08605467;"IFRS"
"YC202112";651;12;0.09691521;0.08605467;"IFRS"
"YC202112";652;12;0.09691521;0.08605467;"IFRS"
"YC202112";653;12;0.09691521;0.08605467;"IFRS"
"YC202112";654;12;0.09691521;0.08605467;"IFRS"
"YC202112";655;12;0.09691521;0.08605467;"IFRS"
"YC202112";656;12;0.09691521;0.08605467;"IFRS"
"YC202112";657;12;0.09691521;0.08605467;"IFRS"
"YC202112";658;12;0.09691521;0.08605467;"IFRS"
"YC202112";659;12;0.09691521;0.08605467;"IFRS"
"YC202112";660;12;0.09691521;0.08605467;"IFRS"
"YC202112";661;12;0.09691521;0.08605467;"IFRS"
"YC202112";662;12;0.09691521;0.08605467;"IFRS"
"YC202112";663;12;0.09691521;0.08605467;"IFRS"
"YC202112";664;12;0.09691521;0.08605467;"IFRS"
"YC202112";665;12;0.09691521;0.08605467;"IFRS"
"YC202112";666;12;0.09691521;0.08605467;"IFRS"
"YC202112";667;12;0.09691521;0.08605467;"IFRS"
"YC202112";668;12;0.09691521;0.08605467;"IFRS"
"YC202112";669;12;0.09691521;0.08605467;"IFRS"
"YC202112";670;12;0.09691521;0.08605467;"IFRS"
"YC202112";671;12;0.09691521;0.08605467;"IFRS"
"YC202112";672;12;0.09691521;0.08605467;"IFRS"
"YC202112";673;12;0.09691521;0.08605467;"IFRS"
"YC202112";674;12;0.09691521;0.08605467;"IFRS"
"YC202112";675;12;0.09691521;0.08605467;"IFRS"
"YC202112";676;12;0.09691521;0.08605467;"IFRS"
"YC202112";677;12;0.09691521;0.08605467;"IFRS"
"YC202112";678;12;0.09691521;0.08605467;"IFRS"
"YC202112";679;12;0.09691521;0.08605467;"IFRS"
"YC202112";680;12;0.09691521;0.08605467;"IFRS"
"YC202112";681;12;0.09691521;0.08605467;"IFRS"
"YC202112";682;12;0.09691521;0.08605467;"IFRS"
"YC202112";683;12;0.09691521;0.08605467;"IFRS"
"YC202112";684;12;0.09691521;0.08605467;"IFRS"
"YC202112";685;12;0.09691521;0.08605467;"IFRS"
"YC202112";686;12;0.09691521;0.08605467;"IFRS"
"YC202112";687;12;0.09691521;0.08605467;"IFRS"
"YC202112";688;12;0.09691521;0.08605467;"IFRS"
"YC202112";689;12;0.09691521;0.08605467;"IFRS"
"YC202112";690;12;0.09691521;0.08605467;"IFRS"
"YC202112";691;12;0.09691521;0.08605467;"IFRS"
"YC202112";692;12;0.09691521;0.08605467;"IFRS"
"YC202112";693;12;0.09691521;0.08605467;"IFRS"
"YC202112";694;12;0.09691521;0.08605467;"IFRS"
"YC202112";695;12;0.09691521;0.08605467;"IFRS"
"YC202112";696;12;0.09691521;0.08605467;"IFRS"
"YC202112";697;12;0.09691521;0.08605467;"IFRS"
"YC202112";698;12;0.09691521;0.08605467;"IFRS"
"YC202112";699;12;0.09691521;0.08605467;"IFRS"
"YC202112";700;12;0.09691521;0.08605467;"IFRS"
"YC202112";701;12;0.09691521;0.08605467;"IFRS"
"YC202112";702;12;0.09691521;0.08605467;"IFRS"
"YC202112";703;12;0.09691521;0.08605467;"IFRS"
"YC202112";704;12;0.09691521;0.08605467;"IFRS"
"YC202112";705;12;0.09691521;0.08605467;"IFRS"
"YC202112";706;12;0.09691521;0.08605467;"IFRS"
"YC202112";707;12;0.09691521;0.08605467;"IFRS"
"YC202112";708;12;0.09691521;0.08605467;"IFRS"
"YC202112";709;12;0.09691521;0.08605467;"IFRS"
"YC202112";710;12;0.09691521;0.08605467;"IFRS"
"YC202112";711;12;0.09691521;0.08605467;"IFRS"
"YC202112";712;12;0.09691521;0.08605467;"IFRS"
"YC202112";713;12;0.09691521;0.08605467;"IFRS"
"YC202112";714;12;0.09691521;0.08605467;"IFRS"
"YC202112";715;12;0.09691521;0.08605467;"IFRS"
"YC202112";716;12;0.09691521;0.08605467;"IFRS"
"YC202112";717;12;0.09691521;0.08605467;"IFRS"
"YC202112";718;12;0.09691521;0.08605467;"IFRS"
"YC202112";719;12;0.09691521;0.08605467;"IFRS"
"YC202112";720;12;0.09691521;0.08605467;"IFRS"
"YC202112";721;12;0.09691521;0.08605467;"IFRS"
"YC202112";722;12;0.09691521;0.08605467;"IFRS"
"YC202112";723;12;0.09691521;0.08605467;"IFRS"
"YC202112";724;12;0.09691521;0.08605467;"IFRS"
"YC202112";725;12;0.09691521;0.08605467;"IFRS"
"YC202112";726;12;0.09691521;0.08605467;"IFRS"
"YC202112";727;12;0.09691521;0.08605467;"IFRS"
"YC202112";728;12;0.09691521;0.08605467;"IFRS"
"YC202112";729;12;0.09691521;0.08605467;"IFRS"
"YC202112";730;12;0.09691521;0.08605467;"IFRS"
"YC202112";731;12;0.09691521;0.08605467;"IFRS"
"YC202112";732;12;0.09691521;0.08605467;"IFRS"
"YC202112";733;12;0.09691521;0.08605467;"IFRS"
"YC202112";734;12;0.09691521;0.08605467;"IFRS"
"YC202112";735;12;0.09691521;0.08605467;"IFRS"
"YC202112";736;12;0.09691521;0.08605467;"IFRS"
"YC202112";737;12;0.09691521;0.08605467;"IFRS"
"YC202112";738;12;0.09691521;0.08605467;"IFRS"
"YC202112";739;12;0.09691521;0.08605467;"IFRS"
"YC202112";740;12;0.09691521;0.08605467;"IFRS"
"YC202112";741;12;0.09691521;0.08605467;"IFRS"
"YC202112";742;12;0.09691521;0.08605467;"IFRS"
"YC202112";743;12;0.09691521;0.08605467;"IFRS"
"YC202112";744;12;0.09691521;0.08605467;"IFRS"
"YC202112";745;12;0.09691521;0.08605467;"IFRS"
"YC202112";746;12;0.09691521;0.08605467;"IFRS"
"YC202112";747;12;0.09691521;0.08605467;"IFRS"
"YC202112";748;12;0.09691521;0.08605467;"IFRS"
"YC202112";749;12;0.09691521;0.08605467;"IFRS"
"YC202112";750;12;0.09691521;0.08605467;"IFRS"
"YC202112";751;12;0.09691521;0.08605467;"IFRS"
"YC202112";752;12;0.09691521;0.08605467;"IFRS"
"YC202112";753;12;0.09691521;0.08605467;"IFRS"
"YC202112";754;12;0.09691521;0.08605467;"IFRS"
"YC202112";755;12;0.09691521;0.08605467;"IFRS"
"YC202112";756;12;0.09691521;0.08605467;"IFRS"
"YC202112";757;12;0.09691521;0.08605467;"IFRS"
"YC202112";758;12;0.09691521;0.08605467;"IFRS"
"YC202112";759;12;0.09691521;0.08605467;"IFRS"
"YC202112";760;12;0.09691521;0.08605467;"IFRS"
"YC202112";761;12;0.09691521;0.08605467;"IFRS"
"YC202112";762;12;0.09691521;0.08605467;"IFRS"
"YC202112";763;12;0.09691521;0.08605467;"IFRS"
"YC202112";764;12;0.09691521;0.08605467;"IFRS"
"YC202112";765;12;0.09691521;0.08605467;"IFRS"
"YC202112";766;12;0.09691521;0.08605467;"IFRS"
"YC202112";767;12;0.09691521;0.08605467;"IFRS"
"YC202112";768;12;0.09691521;0.08605467;"IFRS"
"YC202112";769;12;0.09691521;0.08605467;"IFRS"
"YC202112";770;12;0.09691521;0.08605467;"IFRS"
"YC202112";771;12;0.09691521;0.08605467;"IFRS"
"YC202112";772;12;0.09691521;0.08605467;"IFRS"
"YC202112";773;12;0.09691521;0.08605467;"IFRS"
"YC202112";774;12;0.09691521;0.08605467;"IFRS"
"YC202112";775;12;0.09691521;0.08605467;"IFRS"
"YC202112";776;12;0.09691521;0.08605467;"IFRS"
"YC202112";777;12;0.09691521;0.08605467;"IFRS"
"YC202112";778;12;0.09691521;0.08605467;"IFRS"
"YC202112";779;12;0.09691521;0.08605467;"IFRS"
"YC202112";780;12;0.09691521;0.08605467;"IFRS"
"YC202112";781;12;0.09691521;0.08605467;"IFRS"
"YC202112";782;12;0.09691521;0.08605467;"IFRS"
"YC202112";783;12;0.09691521;0.08605467;"IFRS"
"YC202112";784;12;0.09691521;0.08605467;"IFRS"
"YC202112";785;12;0.09691521;0.08605467;"IFRS"
"YC202112";786;12;0.09691521;0.08605467;"IFRS"
"YC202112";787;12;0.09691521;0.08605467;"IFRS"
"YC202112";788;12;0.09691521;0.08605467;"IFRS"
"YC202112";789;12;0.09691521;0.08605467;"IFRS"
"YC202112";790;12;0.09691521;0.08605467;"IFRS"
"YC202112";791;12;0.09691521;0.08605467;"IFRS"
"YC202112";792;12;0.09691521;0.08605467;"IFRS"
"YC202112";793;12;0.09691521;0.08605467;"IFRS"
"YC202112";794;12;0.09691521;0.08605467;"IFRS"
"YC202112";795;12;0.09691521;0.08605467;"IFRS"
"YC202112";796;12;0.09691521;0.08605467;"IFRS"
"YC202112";797;12;0.09691521;0.08605467;"IFRS"
"YC202112";798;12;0.09691521;0.08605467;"IFRS"
"YC202112";799;12;0.09691521;0.08605467;"IFRS"
"YC202112";800;12;0.09691521;0.08605467;"IFRS"
"YC202112";801;12;0.09691521;0.08605467;"IFRS"
"YC202112";802;12;0.09691521;0.08605467;"IFRS"
"YC202112";803;12;0.09691521;0.08605467;"IFRS"
"YC202112";804;12;0.09691521;0.08605467;"IFRS"
"YC202112";805;12;0.09691521;0.08605467;"IFRS"
"YC202112";806;12;0.09691521;0.08605467;"IFRS"
"YC202112";807;12;0.09691521;0.08605467;"IFRS"
"YC202112";808;12;0.09691521;0.08605467;"IFRS"
"YC202112";809;12;0.09691521;0.08605467;"IFRS"
"YC202112";810;12;0.09691521;0.08605467;"IFRS"
"YC202112";811;12;0.09691521;0.08605467;"IFRS"
"YC202112";812;12;0.09691521;0.08605467;"IFRS"
"YC202112";813;12;0.09691521;0.08605467;"IFRS"
"YC202112";814;12;0.09691521;0.08605467;"IFRS"
"YC202112";815;12;0.09691521;0.08605467;"IFRS"
"YC202112";816;12;0.09691521;0.08605467;"IFRS"
"YC202112";817;12;0.09691521;0.08605467;"IFRS"
"YC202112";818;12;0.09691521;0.08605467;"IFRS"
"YC202112";819;12;0.09691521;0.08605467;"IFRS"
"YC202112";820;12;0.09691521;0.08605467;"IFRS"
"YC202112";821;12;0.09691521;0.08605467;"IFRS"
"YC202112";822;12;0.09691521;0.08605467;"IFRS"
"YC202112";823;12;0.09691521;0.08605467;"IFRS"
"YC202112";824;12;0.09691521;0.08605467;"IFRS"
"YC202112";825;12;0.09691521;0.08605467;"IFRS"
"YC202112";826;12;0.09691521;0.08605467;"IFRS"
"YC202112";827;12;0.09691521;0.08605467;"IFRS"
"YC202112";828;12;0.09691521;0.08605467;"IFRS"
"YC202112";829;12;0.09691521;0.08605467;"IFRS"
"YC202112";830;12;0.09691521;0.08605467;"IFRS"
"YC202112";831;12;0.09691521;0.08605467;"IFRS"
"YC202112";832;12;0.09691521;0.08605467;"IFRS"
"YC202112";833;12;0.09691521;0.08605467;"IFRS"
"YC202112";834;12;0.09691521;0.08605467;"IFRS"
"YC202112";835;12;0.09691521;0.08605467;"IFRS"
"YC202112";836;12;0.09691521;0.08605467;"IFRS"
"YC202112";837;12;0.09691521;0.08605467;"IFRS"
"YC202112";838;12;0.09691521;0.08605467;"IFRS"
"YC202112";839;12;0.09691521;0.08605467;"IFRS"
"YC202112";840;12;0.09691521;0.08605467;"IFRS"
"YC202112";841;12;0.09691521;0.08605467;"IFRS"
"YC202112";842;12;0.09691521;0.08605467;"IFRS"
"YC202112";843;12;0.09691521;0.08605467;"IFRS"
"YC202112";844;12;0.09691521;0.08605467;"IFRS"
"YC202112";845;12;0.09691521;0.08605467;"IFRS"
"YC202112";846;12;0.09691521;0.08605467;"IFRS"
"YC202112";847;12;0.09691521;0.08605467;"IFRS"
"YC202112";848;12;0.09691521;0.08605467;"IFRS"
"YC202112";849;12;0.09691521;0.08605467;"IFRS"
"YC202112";850;12;0.09691521;0.08605467;"IFRS"
"YC202112";851;12;0.09691521;0.08605467;"IFRS"
"YC202112";852;12;0.09691521;0.08605467;"IFRS"
"YC202112";853;12;0.09691521;0.08605467;"IFRS"
"YC202112";854;12;0.09691521;0.08605467;"IFRS"
"YC202112";855;12;0.09691521;0.08605467;"IFRS"
"YC202112";856;12;0.09691521;0.08605467;"IFRS"
"YC202112";857;12;0.09691521;0.08605467;"IFRS"
"YC202112";858;12;0.09691521;0.08605467;"IFRS"
"YC202112";859;12;0.09691521;0.08605467;"IFRS"
"YC202112";860;12;0.09691521;0.08605467;"IFRS"
"YC202112";861;12;0.09691521;0.08605467;"IFRS"
"YC202112";862;12;0.09691521;0.08605467;"IFRS"
"YC202112";863;12;0.09691521;0.08605467;"IFRS"
"YC202112";864;12;0.09691521;0.08605467;"IFRS"
"YC202112";865;12;0.09691521;0.08605467;"IFRS"
"YC202112";866;12;0.09691521;0.08605467;"IFRS"
"YC202112";867;12;0.09691521;0.08605467;"IFRS"
"YC202112";868;12;0.09691521;0.08605467;"IFRS"
"YC202112";869;12;0.09691521;0.08605467;"IFRS"
"YC202112";870;12;0.09691521;0.08605467;"IFRS"
"YC202112";871;12;0.09691521;0.08605467;"IFRS"
"YC202112";872;12;0.09691521;0.08605467;"IFRS"
"YC202112";873;12;0.09691521;0.08605467;"IFRS"
"YC202112";874;12;0.09691521;0.08605467;"IFRS"
"YC202112";875;12;0.09691521;0.08605467;"IFRS"
"YC202112";876;12;0.09691521;0.08605467;"IFRS"
"YC202112";877;12;0.09691521;0.08605467;"IFRS"
"YC202112";878;12;0.09691521;0.08605467;"IFRS"
"YC202112";879;12;0.09691521;0.08605467;"IFRS"
"YC202112";880;12;0.09691521;0.08605467;"IFRS"
"YC202112";881;12;0.09691521;0.08605467;"IFRS"
"YC202112";882;12;0.09691521;0.08605467;"IFRS"
"YC202112";883;12;0.09691521;0.08605467;"IFRS"
"YC202112";884;12;0.09691521;0.08605467;"IFRS"
"YC202112";885;12;0.09691521;0.08605467;"IFRS"
"YC202112";886;12;0.09691521;0.08605467;"IFRS"
"YC202112";887;12;0.09691521;0.08605467;"IFRS"
"YC202112";888;12;0.09691521;0.08605467;"IFRS"
"YC202112";889;12;0.09691521;0.08605467;"IFRS"
"YC202112";890;12;0.09691521;0.08605467;"IFRS"
"YC202112";891;12;0.09691521;0.08605467;"IFRS"
"YC202112";892;12;0.09691521;0.08605467;"IFRS"
"YC202112";893;12;0.09691521;0.08605467;"IFRS"
"YC202112";894;12;0.09691521;0.08605467;"IFRS"
"YC202112";895;12;0.09691521;0.08605467;"IFRS"
"YC202112";896;12;0.09691521;0.08605467;"IFRS"
"YC202112";897;12;0.09691521;0.08605467;"IFRS"
"YC202112";898;12;0.09691521;0.08605467;"IFRS"
"YC202112";899;12;0.09691521;0.08605467;"IFRS"
"YC202112";900;12;0.09691521;0.08605467;"IFRS"
"YC202112";901;12;0.09691521;0.08605467;"IFRS"
"YC202112";902;12;0.09691521;0.08605467;"IFRS"
"YC202112";903;12;0.09691521;0.08605467;"IFRS"
"YC202112";904;12;0.09691521;0.08605467;"IFRS"
"YC202112";905;12;0.09691521;0.08605467;"IFRS"
"YC202112";906;12;0.09691521;0.08605467;"IFRS"
"YC202112";907;12;0.09691521;0.08605467;"IFRS"
"YC202112";908;12;0.09691521;0.08605467;"IFRS"
"YC202112";909;12;0.09691521;0.08605467;"IFRS"
"YC202112";910;12;0.09691521;0.08605467;"IFRS"
"YC202112";911;12;0.09691521;0.08605467;"IFRS"
"YC202112";912;12;0.09691521;0.08605467;"IFRS"
"YC202112";913;12;0.09691521;0.08605467;"IFRS"
"YC202112";914;12;0.09691521;0.08605467;"IFRS"
"YC202112";915;12;0.09691521;0.08605467;"IFRS"
"YC202112";916;12;0.09691521;0.08605467;"IFRS"
"YC202112";917;12;0.09691521;0.08605467;"IFRS"
"YC202112";918;12;0.09691521;0.08605467;"IFRS"
"YC202112";919;12;0.09691521;0.08605467;"IFRS"
"YC202112";920;12;0.09691521;0.08605467;"IFRS"
"YC202112";921;12;0.09691521;0.08605467;"IFRS"
"YC202112";922;12;0.09691521;0.08605467;"IFRS"
"YC202112";923;12;0.09691521;0.08605467;"IFRS"
"YC202112";924;12;0.09691521;0.08605467;"IFRS"
"YC202112";925;12;0.09691521;0.08605467;"IFRS"
"YC202112";926;12;0.09691521;0.08605467;"IFRS"
"YC202112";927;12;0.09691521;0.08605467;"IFRS"
"YC202112";928;12;0.09691521;0.08605467;"IFRS"
"YC202112";929;12;0.09691521;0.08605467;"IFRS"
"YC202112";930;12;0.09691521;0.08605467;"IFRS"
"YC202112";931;12;0.09691521;0.08605467;"IFRS"
"YC202112";932;12;0.09691521;0.08605467;"IFRS"
"YC202112";933;12;0.09691521;0.08605467;"IFRS"
"YC202112";934;12;0.09691521;0.08605467;"IFRS"
"YC202112";935;12;0.09691521;0.08605467;"IFRS"
"YC202112";936;12;0.09691521;0.08605467;"IFRS"
"YC202112";937;12;0.09691521;0.08605467;"IFRS"
"YC202112";938;12;0.09691521;0.08605467;"IFRS"
"YC202112";939;12;0.09691521;0.08605467;"IFRS"
"YC202112";940;12;0.09691521;0.08605467;"IFRS"
"YC202112";941;12;0.09691521;0.08605467;"IFRS"
"YC202112";942;12;0.09691521;0.08605467;"IFRS"
"YC202112";943;12;0.09691521;0.08605467;"IFRS"
"YC202112";944;12;0.09691521;0.08605467;"IFRS"
"YC202112";945;12;0.09691521;0.08605467;"IFRS"
"YC202112";946;12;0.09691521;0.08605467;"IFRS"
"YC202112";947;12;0.09691521;0.08605467;"IFRS"
"YC202112";948;12;0.09691521;0.08605467;"IFRS"
"YC202112";949;12;0.09691521;0.08605467;"IFRS"
"YC202112";950;12;0.09691521;0.08605467;"IFRS"
"YC202112";951;12;0.09691521;0.08605467;"IFRS"
"YC202112";952;12;0.09691521;0.08605467;"IFRS"
"YC202112";953;12;0.09691521;0.08605467;"IFRS"
"YC202112";954;12;0.09691521;0.08605467;"IFRS"
"YC202112";955;12;0.09691521;0.08605467;"IFRS"
"YC202112";956;12;0.09691521;0.08605467;"IFRS"
"YC202112";957;12;0.09691521;0.08605467;"IFRS"
"YC202112";958;12;0.09691521;0.08605467;"IFRS"
"YC202112";959;12;0.09691521;0.08605467;"IFRS"
"YC202112";960;12;0.09691521;0.08605467;"IFRS"
"YC202112";961;12;0.09691521;0.08605467;"IFRS"
"YC202112";962;12;0.09691521;0.08605467;"IFRS"
"YC202112";963;12;0.09691521;0.08605467;"IFRS"
"YC202112";964;12;0.09691521;0.08605467;"IFRS"
"YC202112";965;12;0.09691521;0.08605467;"IFRS"
"YC202112";966;12;0.09691521;0.08605467;"IFRS"
"YC202112";967;12;0.09691521;0.08605467;"IFRS"
"YC202112";968;12;0.09691521;0.08605467;"IFRS"
"YC202112";969;12;0.09691521;0.08605467;"IFRS"
"YC202112";970;12;0.09691521;0.08605467;"IFRS"
"YC202112";971;12;0.09691521;0.08605467;"IFRS"
"YC202112";972;12;0.09691521;0.08605467;"IFRS"
"YC202112";973;12;0.09691521;0.08605467;"IFRS"
"YC202112";974;12;0.09691521;0.08605467;"IFRS"
"YC202112";975;12;0.09691521;0.08605467;"IFRS"
"YC202112";976;12;0.09691521;0.08605467;"IFRS"
"YC202112";977;12;0.09691521;0.08605467;"IFRS"
"YC202112";978;12;0.09691521;0.08605467;"IFRS"
"YC202112";979;12;0.09691521;0.08605467;"IFRS"
"YC202112";980;12;0.09691521;0.08605467;"IFRS"
"YC202112";981;12;0.09691521;0.08605467;"IFRS"
"YC202112";982;12;0.09691521;0.08605467;"IFRS"
"YC202112";983;12;0.09691521;0.08605467;"IFRS"
"YC202112";984;12;0.09691521;0.08605467;"IFRS"
"YC202112";985;12;0.09691521;0.08605467;"IFRS"
"YC202112";986;12;0.09691521;0.08605467;"IFRS"
"YC202112";987;12;0.09691521;0.08605467;"IFRS"
"YC202112";988;12;0.09691521;0.08605467;"IFRS"
"YC202112";989;12;0.09691521;0.08605467;"IFRS"
"YC202112";990;12;0.09691521;0.08605467;"IFRS"
"YC202112";991;12;0.09691521;0.08605467;"IFRS"
"YC202112";992;12;0.09691521;0.08605467;"IFRS"
"YC202112";993;12;0.09691521;0.08605467;"IFRS"
"YC202112";994;12;0.09691521;0.08605467;"IFRS"
"YC202112";995;12;0.09691521;0.08605467;"IFRS"
"YC202112";996;12;0.09691521;0.08605467;"IFRS"
"YC202112";997;12;0.09691521;0.08605467;"IFRS"
"YC202112";998;12;0.09691521;0.08605467;"IFRS"
"YC202112";999;12;0.09691521;0.08605467;"IFRS"
"YC202112";1000;12;0.09691521;0.08605467;"IFRS"
"YC202112";1001;12;0.09691521;0.08605467;"IFRS"
"YC202112";1002;12;0.09691521;0.08605467;"IFRS"
"YC202112";1003;12;0.09691521;0.08605467;"IFRS"
"YC202112";1004;12;0.09691521;0.08605467;"IFRS"
"YC202112";1005;12;0.09691521;0.08605467;"IFRS"
"YC202112";1006;12;0.09691521;0.08605467;"IFRS"
"YC202112";1007;12;0.09691521;0.08605467;"IFRS"
"YC202112";1008;12;0.09691521;0.08605467;"IFRS"
"YC202112";1009;12;0.09691521;0.08605467;"IFRS"
"YC202112";1010;12;0.09691521;0.08605467;"IFRS"
"YC202112";1011;12;0.09691521;0.08605467;"IFRS"
"YC202112";1012;12;0.09691521;0.08605467;"IFRS"
"YC202112";1013;12;0.09691521;0.08605467;"IFRS"
"YC202112";1014;12;0.09691521;0.08605467;"IFRS"
"YC202112";1015;12;0.09691521;0.08605467;"IFRS"
"YC202112";1016;12;0.09691521;0.08605467;"IFRS"
"YC202112";1017;12;0.09691521;0.08605467;"IFRS"
"YC202112";1018;12;0.09691521;0.08605467;"IFRS"
"YC202112";1019;12;0.09691521;0.08605467;"IFRS"
"YC202112";1020;12;0.09691521;0.08605467;"IFRS"
"YC202112";1021;12;0.09691521;0.08605467;"IFRS"
"YC202112";1022;12;0.09691521;0.08605467;"IFRS"
"YC202112";1023;12;0.09691521;0.08605467;"IFRS"
"YC202112";1024;12;0.09691521;0.08605467;"IFRS"
"YC202112";1025;12;0.09691521;0.08605467;"IFRS"
"YC202112";1026;12;0.09691521;0.08605467;"IFRS"
"YC202112";1027;12;0.09691521;0.08605467;"IFRS"
"YC202112";1028;12;0.09691521;0.08605467;"IFRS"
"YC202112";1029;12;0.09691521;0.08605467;"IFRS"
"YC202112";1030;12;0.09691521;0.08605467;"IFRS"
"YC202112";1031;12;0.09691521;0.08605467;"IFRS"
"YC202112";1032;12;0.09691521;0.08605467;"IFRS"
"YC202112";1033;12;0.09691521;0.08605467;"IFRS"
"YC202112";1034;12;0.09691521;0.08605467;"IFRS"
"YC202112";1035;12;0.09691521;0.08605467;"IFRS"
"YC202112";1036;12;0.09691521;0.08605467;"IFRS"
"YC202112";1037;12;0.09691521;0.08605467;"IFRS"
"YC202112";1038;12;0.09691521;0.08605467;"IFRS"
"YC202112";1039;12;0.09691521;0.08605467;"IFRS"
"YC202112";1040;12;0.09691521;0.08605467;"IFRS"
"YC202112";1041;12;0.09691521;0.08605467;"IFRS"
"YC202112";1042;12;0.09691521;0.08605467;"IFRS"
"YC202112";1043;12;0.09691521;0.08605467;"IFRS"
"YC202112";1044;12;0.09691521;0.08605467;"IFRS"
"YC202112";1045;12;0.09691521;0.08605467;"IFRS"
"YC202112";1046;12;0.09691521;0.08605467;"IFRS"
"YC202112";1047;12;0.09691521;0.08605467;"IFRS"
"YC202112";1048;12;0.09691521;0.08605467;"IFRS"
"YC202112";1049;12;0.09691521;0.08605467;"IFRS"
"YC202112";1050;12;0.09691521;0.08605467;"IFRS"
"YC202112";1051;12;0.09691521;0.08605467;"IFRS"
"YC202112";1052;12;0.09691521;0.08605467;"IFRS"
"YC202112";1053;12;0.09691521;0.08605467;"IFRS"
"YC202112";1054;12;0.09691521;0.08605467;"IFRS"
"YC202112";1055;12;0.09691521;0.08605467;"IFRS"
"YC202112";1056;12;0.09691521;0.08605467;"IFRS"
"YC202112";1057;12;0.09691521;0.08605467;"IFRS"
"YC202112";1058;12;0.09691521;0.08605467;"IFRS"
"YC202112";1059;12;0.09691521;0.08605467;"IFRS"
"YC202112";1060;12;0.09691521;0.08605467;"IFRS"
"YC202112";1061;12;0.09691521;0.08605467;"IFRS"
"YC202112";1062;12;0.09691521;0.08605467;"IFRS"
"YC202112";1063;12;0.09691521;0.08605467;"IFRS"
"YC202112";1064;12;0.09691521;0.08605467;"IFRS"
"YC202112";1065;12;0.09691521;0.08605467;"IFRS"
"YC202112";1066;12;0.09691521;0.08605467;"IFRS"
"YC202112";1067;12;0.09691521;0.08605467;"IFRS"
"YC202112";1068;12;0.09691521;0.08605467;"IFRS"
"YC202112";1069;12;0.09691521;0.08605467;"IFRS"
"YC202112";1070;12;0.09691521;0.08605467;"IFRS"
"YC202112";1071;12;0.09691521;0.08605467;"IFRS"
"YC202112";1072;12;0.09691521;0.08605467;"IFRS"
"YC202112";1073;12;0.09691521;0.08605467;"IFRS"
"YC202112";1074;12;0.09691521;0.08605467;"IFRS"
"YC202112";1075;12;0.09691521;0.08605467;"IFRS"
"YC202112";1076;12;0.09691521;0.08605467;"IFRS"
"YC202112";1077;12;0.09691521;0.08605467;"IFRS"
"YC202112";1078;12;0.09691521;0.08605467;"IFRS"
"YC202112";1079;12;0.09691521;0.08605467;"IFRS"
"YC202112";1080;12;0.09691521;0.08605467;"IFRS"
"YC202112";1081;12;0.09691521;0.08605467;"IFRS"
"YC202112";1082;12;0.09691521;0.08605467;"IFRS"
"YC202112";1083;12;0.09691521;0.08605467;"IFRS"
"YC202112";1084;12;0.09691521;0.08605467;"IFRS"
"YC202112";1085;12;0.09691521;0.08605467;"IFRS"
"YC202112";1086;12;0.09691521;0.08605467;"IFRS"
"YC202112";1087;12;0.09691521;0.08605467;"IFRS"
"YC202112";1088;12;0.09691521;0.08605467;"IFRS"
"YC202112";1089;12;0.09691521;0.08605467;"IFRS"
"YC202112";1090;12;0.09691521;0.08605467;"IFRS"
"YC202112";1091;12;0.09691521;0.08605467;"IFRS"
"YC202112";1092;12;0.09691521;0.08605467;"IFRS"
"YC202112";1093;12;0.09691521;0.08605467;"IFRS"
"YC202112";1094;12;0.09691521;0.08605467;"IFRS"
"YC202112";1095;12;0.09691521;0.08605467;"IFRS"
"YC202112";1096;12;0.09691521;0.08605467;"IFRS"
"YC202112";1097;12;0.09691521;0.08605467;"IFRS"
"YC202112";1098;12;0.09691521;0.08605467;"IFRS"
"YC202112";1099;12;0.09691521;0.08605467;"IFRS"
"YC202112";1100;12;0.09691521;0.08605467;"IFRS"
"YC202112";1101;12;0.09691521;0.08605467;"IFRS"
"YC202112";1102;12;0.09691521;0.08605467;"IFRS"
"YC202112";1103;12;0.09691521;0.08605467;"IFRS"
"YC202112";1104;12;0.09691521;0.08605467;"IFRS"
"YC202112";1105;12;0.09691521;0.08605467;"IFRS"
"YC202112";1106;12;0.09691521;0.08605467;"IFRS"
"YC202112";1107;12;0.09691521;0.08605467;"IFRS"
"YC202112";1108;12;0.09691521;0.08605467;"IFRS"
"YC202112";1109;12;0.09691521;0.08605467;"IFRS"
"YC202112";1110;12;0.09691521;0.08605467;"IFRS"
"YC202112";1111;12;0.09691521;0.08605467;"IFRS"
"YC202112";1112;12;0.09691521;0.08605467;"IFRS"
"YC202112";1113;12;0.09691521;0.08605467;"IFRS"
"YC202112";1114;12;0.09691521;0.08605467;"IFRS"
"YC202112";1115;12;0.09691521;0.08605467;"IFRS"
"YC202112";1116;12;0.09691521;0.08605467;"IFRS"
"YC202112";1117;12;0.09691521;0.08605467;"IFRS"
"YC202112";1118;12;0.09691521;0.08605467;"IFRS"
"YC202112";1119;12;0.09691521;0.08605467;"IFRS"
"YC202112";1120;12;0.09691521;0.08605467;"IFRS"
"YC202112";1121;12;0.09691521;0.08605467;"IFRS"
"YC202112";1122;12;0.09691521;0.08605467;"IFRS"
"YC202112";1123;12;0.09691521;0.08605467;"IFRS"
"YC202112";1124;12;0.09691521;0.08605467;"IFRS"
"YC202112";1125;12;0.09691521;0.08605467;"IFRS"
"YC202112";1126;12;0.09691521;0.08605467;"IFRS"
"YC202112";1127;12;0.09691521;0.08605467;"IFRS"
"YC202112";1128;12;0.09691521;0.08605467;"IFRS"
"YC202112";1129;12;0.09691521;0.08605467;"IFRS"
"YC202112";1130;12;0.09691521;0.08605467;"IFRS"
"YC202112";1131;12;0.09691521;0.08605467;"IFRS"
"YC202112";1132;12;0.09691521;0.08605467;"IFRS"
"YC202112";1133;12;0.09691521;0.08605467;"IFRS"
"YC202112";1134;12;0.09691521;0.08605467;"IFRS"
"YC202112";1135;12;0.09691521;0.08605467;"IFRS"
"YC202112";1136;12;0.09691521;0.08605467;"IFRS"
"YC202112";1137;12;0.09691521;0.08605467;"IFRS"
"YC202112";1138;12;0.09691521;0.08605467;"IFRS"
"YC202112";1139;12;0.09691521;0.08605467;"IFRS"
"YC202112";1140;12;0.09691521;0.08605467;"IFRS"
"YC202112";1141;12;0.09691521;0.08605467;"IFRS"
"YC202112";1142;12;0.09691521;0.08605467;"IFRS"
"YC202112";1143;12;0.09691521;0.08605467;"IFRS"
"YC202112";1144;12;0.09691521;0.08605467;"IFRS"
"YC202112";1145;12;0.09691521;0.08605467;"IFRS"
"YC202112";1146;12;0.09691521;0.08605467;"IFRS"
"YC202112";1147;12;0.09691521;0.08605467;"IFRS"
"YC202112";1148;12;0.09691521;0.08605467;"IFRS"
"YC202112";1149;12;0.09691521;0.08605467;"IFRS"
"YC202112";1150;12;0.09691521;0.08605467;"IFRS"
"YC202112";1151;12;0.09691521;0.08605467;"IFRS"
"YC202112";1152;12;0.09691521;0.08605467;"IFRS"
"YC202112";1153;12;0.09691521;0.08605467;"IFRS"
"YC202112";1154;12;0.09691521;0.08605467;"IFRS"
"YC202112";1155;12;0.09691521;0.08605467;"IFRS"
"YC202112";1156;12;0.09691521;0.08605467;"IFRS"
"YC202112";1157;12;0.09691521;0.08605467;"IFRS"
"YC202112";1158;12;0.09691521;0.08605467;"IFRS"
"YC202112";1159;12;0.09691521;0.08605467;"IFRS"
"YC202112";1160;12;0.09691521;0.08605467;"IFRS"
"YC202112";1161;12;0.09691521;0.08605467;"IFRS"
"YC202112";1162;12;0.09691521;0.08605467;"IFRS"
"YC202112";1163;12;0.09691521;0.08605467;"IFRS"
"YC202112";1164;12;0.09691521;0.08605467;"IFRS"
"YC202112";1165;12;0.09691521;0.08605467;"IFRS"
"YC202112";1166;12;0.09691521;0.08605467;"IFRS"
"YC202112";1167;12;0.09691521;0.08605467;"IFRS"
"YC202112";1168;12;0.09691521;0.08605467;"IFRS"
"YC202112";1169;12;0.09691521;0.08605467;"IFRS"
"YC202112";1170;12;0.09691521;0.08605467;"IFRS"
"YC202112";1171;12;0.09691521;0.08605467;"IFRS"
"YC202112";1172;12;0.09691521;0.08605467;"IFRS"
"YC202112";1173;12;0.09691521;0.08605467;"IFRS"
"YC202112";1174;12;0.09691521;0.08605467;"IFRS"
"YC202112";1175;12;0.09691521;0.08605467;"IFRS"
"YC202112";1176;12;0.09691521;0.08605467;"IFRS"
"YC202112";1177;12;0.09691521;0.08605467;"IFRS"
"YC202112";1178;12;0.09691521;0.08605467;"IFRS"
"YC202112";1179;12;0.09691521;0.08605467;"IFRS"
"YC202112";1180;12;0.09691521;0.08605467;"IFRS"
"YC202112";1181;12;0.09691521;0.08605467;"IFRS"
"YC202112";1182;12;0.09691521;0.08605467;"IFRS"
"YC202112";1183;12;0.09691521;0.08605467;"IFRS"
"YC202112";1184;12;0.09691521;0.08605467;"IFRS"
"YC202112";1185;12;0.09691521;0.08605467;"IFRS"
"YC202112";1186;12;0.09691521;0.08605467;"IFRS"
"YC202112";1187;12;0.09691521;0.08605467;"IFRS"
"YC202112";1188;12;0.09691521;0.08605467;"IFRS"
"YC202112";1189;12;0.09691521;0.08605467;"IFRS"
"YC202112";1190;12;0.09691521;0.08605467;"IFRS"
"YC202112";1191;12;0.09691521;0.08605467;"IFRS"
"YC202112";1192;12;0.09691521;0.08605467;"IFRS"
"YC202112";1193;12;0.09691521;0.08605467;"IFRS"
"YC202112";1194;12;0.09691521;0.08605467;"IFRS"
"YC202112";1195;12;0.09691521;0.08605467;"IFRS"
"YC202112";1196;12;0.09691521;0.08605467;"IFRS"
"YC202112";1197;12;0.09691521;0.08605467;"IFRS"
"YC202112";1198;12;0.09691521;0.08605467;"IFRS"
"YC202112";1199;12;0.09691521;0.08605467;"IFRS"
"YC202112";1200;12;0.09691521;0.08605467;"IFRS"
"YC202112";1201;12;0.09691521;0.08605467;"IFRS"
"YC202112";1202;12;0.09691521;0.08605467;"IFRS"
"YC202112";1203;12;0.09691521;0.08605467;"IFRS"
"YC202112";1204;12;0.09691521;0.08605467;"IFRS"
"YC202112";1205;12;0.09691521;0.08605467;"IFRS"
"YC202112";1206;12;0.09691521;0.08605467;"IFRS"
"YC202112";1207;12;0.09691521;0.08605467;"IFRS"
"YC202112";1208;12;0.09691521;0.08605467;"IFRS"
"YC202112";1209;12;0.09691521;0.08605467;"IFRS"
"YC202112";1210;12;0.09691521;0.08605467;"IFRS"
"YC202112";1211;12;0.09691521;0.08605467;"IFRS"
"YC202112";1212;12;0.09691521;0.08605467;"IFRS"
"YC202112";1213;12;0.09691521;0.08605467;"IFRS"
"YC202112";1214;12;0.09691521;0.08605467;"IFRS"
"YC202112";1215;12;0.09691521;0.08605467;"IFRS"
"YC202112";1216;12;0.09691521;0.08605467;"IFRS"
"YC202112";1217;12;0.09691521;0.08605467;"IFRS"
"YC202112";1218;12;0.09691521;0.08605467;"IFRS"
"YC202112";1219;12;0.09691521;0.08605467;"IFRS"
"YC202112";1220;12;0.09691521;0.08605467;"IFRS"
"YC202112";1221;12;0.09691521;0.08605467;"IFRS"
"YC202112";1222;12;0.09691521;0.08605467;"IFRS"
"YC202112";1223;12;0.09691521;0.08605467;"IFRS"
"YC202112";1224;12;0.09691521;0.08605467;"IFRS"
"YC202112";1225;12;0.09691521;0.08605467;"IFRS"
"YC202112";1226;12;0.09691521;0.08605467;"IFRS"
"YC202112";1227;12;0.09691521;0.08605467;"IFRS"
"YC202112";1228;12;0.09691521;0.08605467;"IFRS"
"YC202112";1229;12;0.09691521;0.08605467;"IFRS"
"YC202112";1230;12;0.09691521;0.08605467;"IFRS"
"YC202112";1231;12;0.09691521;0.08605467;"IFRS"
"YC202112";1232;12;0.09691521;0.08605467;"IFRS"
"YC202112";1233;12;0.09691521;0.08605467;"IFRS"
"YC202112";1234;12;0.09691521;0.08605467;"IFRS"
"YC202112";1235;12;0.09691521;0.08605467;"IFRS"
"YC202112";1236;12;0.09691521;0.08605467;"IFRS"
"YC202112";1237;12;0.09691521;0.08605467;"IFRS"
"YC202112";1238;12;0.09691521;0.08605467;"IFRS"
"YC202112";1239;12;0.09691521;0.08605467;"IFRS"
"YC202112";1240;12;0.09691521;0.08605467;"IFRS"
"YC202112";1241;12;0.09691521;0.08605467;"IFRS"
"YC202112";1242;12;0.09691521;0.08605467;"IFRS"
"YC202112";1243;12;0.09691521;0.08605467;"IFRS"
"YC202112";1244;12;0.09691521;0.08605467;"IFRS"
"YC202112";1245;12;0.09691521;0.08605467;"IFRS"
"YC202112";1246;12;0.09691521;0.08605467;"IFRS"
"YC202112";1247;12;0.09691521;0.08605467;"IFRS"
"YC202112";1248;12;0.09691521;0.08605467;"IFRS"
"YC202112";1249;12;0.09691521;0.08605467;"IFRS"
"YC202112";1250;12;0.09691521;0.08605467;"IFRS"
"YC202112";1251;12;0.09691521;0.08605467;"IFRS"
"YC202112";1252;12;0.09691521;0.08605467;"IFRS"
"YC202112";1253;12;0.09691521;0.08605467;"IFRS"
"YC202112";1254;12;0.09691521;0.08605467;"IFRS"
"YC202112";1255;12;0.09691521;0.08605467;"IFRS"
"YC202112";1256;12;0.09691521;0.08605467;"IFRS"
"YC202112";1257;12;0.09691521;0.08605467;"IFRS"
"YC202112";1258;12;0.09691521;0.08605467;"IFRS"
"YC202112";1259;12;0.09691521;0.08605467;"IFRS"
"YC202112";1260;12;0.09691521;0.08605467;"IFRS"
"YC202112";1261;12;0.09691521;0.08605467;"IFRS"
"YC202112";1262;12;0.09691521;0.08605467;"IFRS"
"YC202112";1263;12;0.09691521;0.08605467;"IFRS"
"YC202112";1264;12;0.09691521;0.08605467;"IFRS"
"YC202112";1265;12;0.09691521;0.08605467;"IFRS"
"YC202112";1266;12;0.09691521;0.08605467;"IFRS"
"YC202112";1267;12;0.09691521;0.08605467;"IFRS"
"YC202112";1268;12;0.09691521;0.08605467;"IFRS"
"YC202112";1269;12;0.09691521;0.08605467;"IFRS"
"YC202112";1270;12;0.09691521;0.08605467;"IFRS"
"YC202112";1271;12;0.09691521;0.08605467;"IFRS"
"YC202112";1272;12;0.09691521;0.08605467;"IFRS"
"YC202112";1273;12;0.09691521;0.08605467;"IFRS"
"YC202112";1274;12;0.09691521;0.08605467;"IFRS"
"YC202112";1275;12;0.09691521;0.08605467;"IFRS"
"YC202112";1276;12;0.09691521;0.08605467;"IFRS"
"YC202112";1277;12;0.09691521;0.08605467;"IFRS"
"YC202112";1278;12;0.09691521;0.08605467;"IFRS"
"YC202112";1279;12;0.09691521;0.08605467;"IFRS"
"YC202112";1280;12;0.09691521;0.08605467;"IFRS"
"YC202112";1281;12;0.09691521;0.08605467;"IFRS"
"YC202112";1282;12;0.09691521;0.08605467;"IFRS"
"YC202112";1283;12;0.09691521;0.08605467;"IFRS"
"YC202112";1284;12;0.09691521;0.08605467;"IFRS"
"YC202112";1285;12;0.09691521;0.08605467;"IFRS"
"YC202112";1286;12;0.09691521;0.08605467;"IFRS"
"YC202112";1287;12;0.09691521;0.08605467;"IFRS"
"YC202112";1288;12;0.09691521;0.08605467;"IFRS"
"YC202112";1289;12;0.09691521;0.08605467;"IFRS"
"YC202112";1290;12;0.09691521;0.08605467;"IFRS"
"YC202112";1291;12;0.09691521;0.08605467;"IFRS"
"YC202112";1292;12;0.09691521;0.08605467;"IFRS"
"YC202112";1293;12;0.09691521;0.08605467;"IFRS"
"YC202112";1294;12;0.09691521;0.08605467;"IFRS"
"YC202112";1295;12;0.09691521;0.08605467;"IFRS"
"YC202112";1296;12;0.09691521;0.08605467;"IFRS"
"YC202112";1297;12;0.09691521;0.08605467;"IFRS"
"YC202112";1298;12;0.09691521;0.08605467;"IFRS"
"YC202112";1299;12;0.09691521;0.08605467;"IFRS"
"YC202112";1300;12;0.09691521;0.08605467;"IFRS"
"YC202112";1301;12;0.09691521;0.08605467;"IFRS"
"YC202112";1302;12;0.09691521;0.08605467;"IFRS"
"YC202112";1303;12;0.09691521;0.08605467;"IFRS"
"YC202112";1304;12;0.09691521;0.08605467;"IFRS"
"YC202112";1305;12;0.09691521;0.08605467;"IFRS"
"YC202112";1306;12;0.09691521;0.08605467;"IFRS"
"YC202112";1307;12;0.09691521;0.08605467;"IFRS"
"YC202112";1308;12;0.09691521;0.08605467;"IFRS"
"YC202112";1309;12;0.09691521;0.08605467;"IFRS"
"YC202112";1310;12;0.09691521;0.08605467;"IFRS"
"YC202112";1311;12;0.09691521;0.08605467;"IFRS"
"YC202112";1312;12;0.09691521;0.08605467;"IFRS"
"YC202112";1313;12;0.09691521;0.08605467;"IFRS"
"YC202112";1314;12;0.09691521;0.08605467;"IFRS"
"YC202112";1315;12;0.09691521;0.08605467;"IFRS"
"YC202112";1316;12;0.09691521;0.08605467;"IFRS"
"YC202112";1317;12;0.09691521;0.08605467;"IFRS"
"YC202112";1318;12;0.09691521;0.08605467;"IFRS"
"YC202112";1319;12;0.09691521;0.08605467;"IFRS"
"YC202112";1320;12;0.09691521;0.08605467;"IFRS"
"YC202112";1321;12;0.09691521;0.08605467;"IFRS"
"YC202112";1322;12;0.09691521;0.08605467;"IFRS"
"YC202112";1323;12;0.09691521;0.08605467;"IFRS"
"YC202112";1324;12;0.09691521;0.08605467;"IFRS"
"YC202112";1325;12;0.09691521;0.08605467;"IFRS"
"YC202112";1326;12;0.09691521;0.08605467;"IFRS"
"YC202112";1327;12;0.09691521;0.08605467;"IFRS"
"YC202112";1328;12;0.09691521;0.08605467;"IFRS"
"YC202112";1329;12;0.09691521;0.08605467;"IFRS"
"YC202112";1330;12;0.09691521;0.08605467;"IFRS"
"YC202112";1331;12;0.09691521;0.08605467;"IFRS"
"YC202112";1332;12;0.09691521;0.08605467;"IFRS"
"YC202112";1333;12;0.09691521;0.08605467;"IFRS"
"YC202112";1334;12;0.09691521;0.08605467;"IFRS"
"YC202112";1335;12;0.09691521;0.08605467;"IFRS"
"YC202112";1336;12;0.09691521;0.08605467;"IFRS"
"YC202112";1337;12;0.09691521;0.08605467;"IFRS"
"YC202112";1338;12;0.09691521;0.08605467;"IFRS"
"YC202112";1339;12;0.09691521;0.08605467;"IFRS"
"YC202112";1340;12;0.09691521;0.08605467;"IFRS"
"YC202112";1341;12;0.09691521;0.08605467;"IFRS"
"YC202112";1342;12;0.09691521;0.08605467;"IFRS"
"YC202112";1343;12;0.09691521;0.08605467;"IFRS"
"YC202112";1344;12;0.09691521;0.08605467;"IFRS"
"YC202112";1345;12;0.09691521;0.08605467;"IFRS"
"YC202112";1346;12;0.09691521;0.08605467;"IFRS"
"YC202112";1347;12;0.09691521;0.08605467;"IFRS"
"YC202112";1348;12;0.09691521;0.08605467;"IFRS"
"YC202112";1349;12;0.09691521;0.08605467;"IFRS"
"YC202112";1350;12;0.09691521;0.08605467;"IFRS"
"YC202112";1351;12;0.09691521;0.08605467;"IFRS"
"YC202112";1352;12;0.09691521;0.08605467;"IFRS"
"YC202112";1353;12;0.09691521;0.08605467;"IFRS"
"YC202112";1354;12;0.09691521;0.08605467;"IFRS"
"YC202112";1355;12;0.09691521;0.08605467;"IFRS"
"YC202112";1356;12;0.09691521;0.08605467;"IFRS"
"YC202112";1357;12;0.09691521;0.08605467;"IFRS"
"YC202112";1358;12;0.09691521;0.08605467;"IFRS"
"YC202112";1359;12;0.09691521;0.08605467;"IFRS"
"YC202112";1360;12;0.09691521;0.08605467;"IFRS"
"YC202112";1361;12;0.09691521;0.08605467;"IFRS"
"YC202112";1362;12;0.09691521;0.08605467;"IFRS"
"YC202112";1363;12;0.09691521;0.08605467;"IFRS"
"YC202112";1364;12;0.09691521;0.08605467;"IFRS"
"YC202112";1365;12;0.09691521;0.08605467;"IFRS"
"YC202112";1366;12;0.09691521;0.08605467;"IFRS"
"YC202112";1367;12;0.09691521;0.08605467;"IFRS"
"YC202112";1368;12;0.09691521;0.08605467;"IFRS"
"YC202112";1369;12;0.09691521;0.08605467;"IFRS"
"YC202112";1370;12;0.09691521;0.08605467;"IFRS"
"YC202112";1371;12;0.09691521;0.08605467;"IFRS"
"YC202112";1372;12;0.09691521;0.08605467;"IFRS"
"YC202112";1373;12;0.09691521;0.08605467;"IFRS"
"YC202112";1374;12;0.09691521;0.08605467;"IFRS"
"YC202112";1375;12;0.09691521;0.08605467;"IFRS"
"YC202112";1376;12;0.09691521;0.08605467;"IFRS"
"YC202112";1377;12;0.09691521;0.08605467;"IFRS"
"YC202112";1378;12;0.09691521;0.08605467;"IFRS"
"YC202112";1379;12;0.09691521;0.08605467;"IFRS"
"YC202112";1380;12;0.09691521;0.08605467;"IFRS"
"YC202112";1381;12;0.09691521;0.08605467;"IFRS"
"YC202112";1382;12;0.09691521;0.08605467;"IFRS"
"YC202112";1383;12;0.09691521;0.08605467;"IFRS"
"YC202112";1384;12;0.09691521;0.08605467;"IFRS"
"YC202112";1385;12;0.09691521;0.08605467;"IFRS"
"YC202112";1386;12;0.09691521;0.08605467;"IFRS"
"YC202112";1387;12;0.09691521;0.08605467;"IFRS"
"YC202112";1388;12;0.09691521;0.08605467;"IFRS"
"YC202112";1389;12;0.09691521;0.08605467;"IFRS"
"YC202112";1390;12;0.09691521;0.08605467;"IFRS"
"YC202112";1391;12;0.09691521;0.08605467;"IFRS"
"YC202112";1392;12;0.09691521;0.08605467;"IFRS"
"YC202112";1393;12;0.09691521;0.08605467;"IFRS"
"YC202112";1394;12;0.09691521;0.08605467;"IFRS"
"YC202112";1395;12;0.09691521;0.08605467;"IFRS"
"YC202112";1396;12;0.09691521;0.08605467;"IFRS"
"YC202112";1397;12;0.09691521;0.08605467;"IFRS"
"YC202112";1398;12;0.09691521;0.08605467;"IFRS"
"YC202112";1399;12;0.09691521;0.08605467;"IFRS"
"YC202112";1400;12;0.09691521;0.08605467;"IFRS"
"YC202112";1401;12;0.09691521;0.08605467;"IFRS"
"YC202112";1402;12;0.09691521;0.08605467;"IFRS"
"YC202112";1403;12;0.09691521;0.08605467;"IFRS"
"YC202112";1404;12;0.09691521;0.08605467;"IFRS"
"YC202112";1405;12;0.09691521;0.08605467;"IFRS"
"YC202112";1406;12;0.09691521;0.08605467;"IFRS"
"YC202112";1407;12;0.09691521;0.08605467;"IFRS"
"YC202112";1408;12;0.09691521;0.08605467;"IFRS"
"YC202112";1409;12;0.09691521;0.08605467;"IFRS"
"YC202112";1410;12;0.09691521;0.08605467;"IFRS"
"YC202112";1411;12;0.09691521;0.08605467;"IFRS"
"YC202112";1412;12;0.09691521;0.08605467;"IFRS"
"YC202112";1413;12;0.09691521;0.08605467;"IFRS"
"YC202112";1414;12;0.09691521;0.08605467;"IFRS"
"YC202112";1415;12;0.09691521;0.08605467;"IFRS"
"YC202112";1416;12;0.09691521;0.08605467;"IFRS"
"YC202112";1417;12;0.09691521;0.08605467;"IFRS"
"YC202112";1418;12;0.09691521;0.08605467;"IFRS"
"YC202112";1419;12;0.09691521;0.08605467;"IFRS"
"YC202112";1420;12;0.09691521;0.08605467;"IFRS"
"YC202112";1421;12;0.09691521;0.08605467;"IFRS"
"YC202112";1422;12;0.09691521;0.08605467;"IFRS"
"YC202112";1423;12;0.09691521;0.08605467;"IFRS"
"YC202112";1424;12;0.09691521;0.08605467;"IFRS"
"YC202112";1425;12;0.09691521;0.08605467;"IFRS"
"YC202112";1426;12;0.09691521;0.08605467;"IFRS"
"YC202112";1427;12;0.09691521;0.08605467;"IFRS"
"YC202112";1428;12;0.09691521;0.08605467;"IFRS"
"YC202112";1429;12;0.09691521;0.08605467;"IFRS"
"YC202112";1430;12;0.09691521;0.08605467;"IFRS"
"YC202112";1431;12;0.09691521;0.08605467;"IFRS"
"YC202112";1432;12;0.09691521;0.08605467;"IFRS"
"YC202112";1433;12;0.09691521;0.08605467;"IFRS"
"YC202112";1434;12;0.09691521;0.08605467;"IFRS"
"YC202112";1435;12;0.09691521;0.08605467;"IFRS"
"YC202112";1436;12;0.09691521;0.08605467;"IFRS"
"YC202112";1437;12;0.09691521;0.08605467;"IFRS"
"YC202112";1438;12;0.09691521;0.08605467;"IFRS"
"YC202112";1439;12;0.09691521;0.08605467;"IFRS"
"YC202112";1440;12;0.09691521;0.08605467;"IFRS"
"YC202112";1441;12;0.09691521;0.08605467;"IFRS"
"YC202112";1442;12;0.09691521;0.08605467;"IFRS"
"YC202112";1443;12;0.09691521;0.08605467;"IFRS"
"YC202112";1444;12;0.09691521;0.08605467;"IFRS"
"YC202112";1445;12;0.09691521;0.08605467;"IFRS"
"YC202112";1446;12;0.09691521;0.08605467;"IFRS"
"YC202112";1447;12;0.09691521;0.08605467;"IFRS"
"YC202112";1448;12;0.09691521;0.08605467;"IFRS"
"YC202112";1449;12;0.09691521;0.08605467;"IFRS"
"YC202112";1450;12;0.09691521;0.08605467;"IFRS"
"YC202112";1451;12;0.09691521;0.08605467;"IFRS"
"YC202112";1452;12;0.09691521;0.08605467;"IFRS"
"YC202112";1453;12;0.09691521;0.08605467;"IFRS"
"YC202112";1454;12;0.09691521;0.08605467;"IFRS"
"YC202112";1455;12;0.09691521;0.08605467;"IFRS"
"YC202112";1456;12;0.09691521;0.08605467;"IFRS"
"YC202112";1457;12;0.09691521;0.08605467;"IFRS"
"YC202112";1458;12;0.09691521;0.08605467;"IFRS"
"YC202112";1459;12;0.09691521;0.08605467;"IFRS"
"YC202112";1460;12;0.09691521;0.08605467;"IFRS"
"YC202112";1461;12;0.09691521;0.08605467;"IFRS"
"YC202112";1462;12;0.09691521;0.08605467;"IFRS"
"YC202112";1463;12;0.09691521;0.08605467;"IFRS"
"YC202112";1464;12;0.09691521;0.08605467;"IFRS"
"YC202112";1465;12;0.09691521;0.08605467;"IFRS"
"YC202112";1466;12;0.09691521;0.08605467;"IFRS"
"YC202112";1467;12;0.09691521;0.08605467;"IFRS"
"YC202112";1468;12;0.09691521;0.08605467;"IFRS"
"YC202112";1469;12;0.09691521;0.08605467;"IFRS"
"YC202112";1470;12;0.09691521;0.08605467;"IFRS"
"YC202112";1471;12;0.09691521;0.08605467;"IFRS"
